variavel,lag_passos,lag_horas,correlacao,n,safra,line
env_temperature,1,0.16666666666666666,0.9977950141785863,17085,2025,4
env_temperature,2,0.3333333333333333,0.9935165062709643,17079,2025,4
env_temperature,3,0.5,0.9878570487873228,17071,2025,4
env_temperature,4,0.6666666666666666,0.9808871422288448,17064,2025,4
env_temperature,5,0.8333333333333334,0.972768409480203,17057,2025,4
env_temperature,6,1.0,0.9635359329725512,17051,2025,4
env_temperature,7,1.1666666666666667,0.9533148124638223,17044,2025,4
env_temperature,8,1.3333333333333333,0.9421206537246714,17042,2025,4
env_temperature,9,1.5,0.9300375908643044,17033,2025,4
env_temperature,10,1.6666666666666667,0.9173183379184626,17032,2025,4
env_temperature,11,1.8333333333333333,0.9038864953988199,17024,2025,4
env_temperature,12,2.0,0.8896524309174821,17017,2025,4
env_temperature,13,2.1666666666666665,0.8747598411015559,17008,2025,4
env_temperature,14,2.3333333333333335,0.8593466665993401,17001,2025,4
env_temperature,15,2.5,0.8433812726260931,16996,2025,4
env_temperature,16,2.6666666666666665,0.8268432533387728,16990,2025,4
env_temperature,17,2.8333333333333335,0.8099429660075192,16984,2025,4
env_temperature,18,3.0,0.7925213353595808,16979,2025,4
env_temperature,19,3.1666666666666665,0.7746744363577787,16976,2025,4
env_temperature,20,3.3333333333333335,0.7561370258067203,16967,2025,4
env_temperature,21,3.5,0.737328203438278,16964,2025,4
env_temperature,22,3.6666666666666665,0.7182571505499401,16961,2025,4
env_temperature,23,3.8333333333333335,0.6989732130050462,16955,2025,4
env_temperature,24,4.0,0.6794087262332507,16953,2025,4
env_temperature,25,4.166666666666667,0.6595763659951678,16953,2025,4
env_temperature,26,4.333333333333333,0.639507669483081,16941,2025,4
env_temperature,27,4.5,0.6192307058093334,16939,2025,4
env_temperature,28,4.666666666666667,0.5987769765325482,16938,2025,4
env_temperature,29,4.833333333333333,0.5783838846277762,16930,2025,4
env_temperature,30,5.0,0.5577050424028428,16931,2025,4
env_temperature,31,5.166666666666667,0.5370197720873104,16929,2025,4
env_temperature,32,5.333333333333333,0.5160727680674664,16931,2025,4
env_temperature,33,5.5,0.49508210771456057,16921,2025,4
env_temperature,34,5.666666666666667,0.47391705960666836,16919,2025,4
env_temperature,35,5.833333333333333,0.4526797505677152,16918,2025,4
env_temperature,36,6.0,0.43128840472314434,16913,2025,4
env_temperature,37,6.166666666666667,0.4099647688416066,16915,2025,4
env_temperature,38,6.333333333333333,0.3887133837915283,16911,2025,4
env_temperature,39,6.5,0.3678370400979727,16914,2025,4
env_temperature,40,6.666666666666667,0.34691614297415285,16906,2025,4
env_temperature,41,6.833333333333333,0.3263784184197996,16903,2025,4
env_temperature,42,7.0,0.30592810143754445,16900,2025,4
env_temperature,43,7.166666666666667,0.2853572393911806,16901,2025,4
env_temperature,44,7.333333333333333,0.26546425698164955,16896,2025,4
env_temperature,45,7.5,0.24565838615250304,16892,2025,4
env_temperature,46,7.666666666666667,0.22585069959428142,16888,2025,4
env_temperature,47,7.833333333333333,0.20638674270112226,16883,2025,4
env_temperature,48,8.0,0.18757464530801576,16880,2025,4
env_temperature,49,8.166666666666666,0.16896429613041494,16878,2025,4
env_temperature,50,8.333333333333334,0.15092866369678695,16877,2025,4
env_temperature,51,8.5,0.13320577852421667,16876,2025,4
env_temperature,52,8.666666666666666,0.11604741166661267,16868,2025,4
env_temperature,53,8.833333333333334,0.09926719482271038,16866,2025,4
env_temperature,54,9.0,0.08294016706841731,16867,2025,4
env_temperature,55,9.166666666666666,0.06708260082104814,16862,2025,4
env_temperature,56,9.333333333333334,0.05182020859250035,16858,2025,4
env_temperature,57,9.5,0.03736859601392174,16853,2025,4
env_temperature,58,9.666666666666666,0.02364546103863529,16853,2025,4
env_temperature,59,9.833333333333334,0.010530950160369906,16850,2025,4
env_temperature,60,10.0,-0.0017156490388314186,16850,2025,4
env_temperature,61,10.166666666666666,-0.013283042625419154,16846,2025,4
env_temperature,62,10.333333333333334,-0.024095836437757652,16842,2025,4
env_temperature,63,10.5,-0.03367589290823471,16838,2025,4
env_temperature,64,10.666666666666666,-0.042697166160680554,16835,2025,4
env_temperature,65,10.833333333333334,-0.0509488104652528,16830,2025,4
env_temperature,66,11.0,-0.05801939570936304,16825,2025,4
env_temperature,67,11.166666666666666,-0.06441311410420136,16825,2025,4
env_temperature,68,11.333333333333334,-0.0693405570878496,16824,2025,4
env_temperature,69,11.5,-0.0736973765343393,16818,2025,4
env_temperature,70,11.666666666666666,-0.07701486089031262,16817,2025,4
env_temperature,71,11.833333333333334,-0.07936052269485593,16818,2025,4
env_temperature,72,12.0,-0.08041682066493482,16814,2025,4
env_temperature,73,12.166666666666666,-0.0806716461988588,16812,2025,4
env_temperature,74,12.333333333333334,-0.07967587368074482,16812,2025,4
env_temperature,75,12.5,-0.07794120879174624,16807,2025,4
env_temperature,76,12.666666666666666,-0.0748146648882788,16810,2025,4
env_temperature,77,12.833333333333334,-0.07120998111773646,16807,2025,4
env_temperature,78,13.0,-0.06624197510152913,16801,2025,4
env_temperature,79,13.166666666666666,-0.060182378997097795,16804,2025,4
env_temperature,80,13.333333333333334,-0.0533223040276862,16798,2025,4
env_temperature,81,13.5,-0.04536272662470671,16797,2025,4
env_temperature,82,13.666666666666666,-0.03649774640282922,16799,2025,4
env_temperature,83,13.833333333333334,-0.026857273354654262,16798,2025,4
env_temperature,84,14.0,-0.016657039872084684,16793,2025,4
env_temperature,85,14.166666666666666,-0.005489667890732985,16790,2025,4
env_temperature,86,14.333333333333334,0.006371403690479484,16792,2025,4
env_temperature,87,14.5,0.018974917646862315,16786,2025,4
env_temperature,88,14.666666666666666,0.03211910043131569,16792,2025,4
env_temperature,89,14.833333333333334,0.04618213254047097,16788,2025,4
env_temperature,90,15.0,0.06067452621772472,16783,2025,4
env_temperature,91,15.166666666666666,0.07572853799159412,16779,2025,4
env_temperature,92,15.333333333333334,0.09117729709505933,16780,2025,4
env_temperature,93,15.5,0.10711841513049943,16775,2025,4
env_temperature,94,15.666666666666666,0.1235146518360233,16777,2025,4
env_temperature,95,15.833333333333334,0.1402634401510277,16772,2025,4
env_temperature,96,16.0,0.15709012806505981,16768,2025,4
env_temperature,97,16.166666666666668,0.17467428329561768,16769,2025,4
env_temperature,98,16.333333333333332,0.19215757354020677,16768,2025,4
env_temperature,99,16.5,0.2101314840378992,16767,2025,4
env_temperature,100,16.666666666666668,0.22860053110057435,16766,2025,4
env_temperature,101,16.833333333333332,0.2469413705494676,16760,2025,4
env_temperature,102,17.0,0.26568671563793966,16756,2025,4
env_temperature,103,17.166666666666668,0.28444873923122266,16755,2025,4
env_temperature,104,17.333333333333332,0.3035162855481878,16754,2025,4
env_temperature,105,17.5,0.32251419201306053,16751,2025,4
env_temperature,106,17.666666666666668,0.341979373861372,16750,2025,4
env_temperature,107,17.833333333333332,0.36150609307664944,16748,2025,4
env_temperature,108,18.0,0.3812458527620072,16747,2025,4
env_temperature,109,18.166666666666668,0.4007176150694206,16744,2025,4
env_temperature,110,18.333333333333332,0.4205920987191369,16743,2025,4
env_temperature,111,18.5,0.4401373035320625,16743,2025,4
env_temperature,112,18.666666666666668,0.45998379634801123,16742,2025,4
env_temperature,113,18.833333333333332,0.4795146694878114,16739,2025,4
env_temperature,114,19.0,0.49895188769342413,16736,2025,4
env_temperature,115,19.166666666666668,0.5182331962518169,16733,2025,4
env_temperature,116,19.333333333333332,0.5372900908207243,16735,2025,4
env_temperature,117,19.5,0.5560417031585247,16731,2025,4
env_temperature,118,19.666666666666668,0.5749592855812785,16732,2025,4
env_temperature,119,19.833333333333332,0.5937469461836916,16732,2025,4
env_temperature,120,20.0,0.6120570967004539,16727,2025,4
env_temperature,121,20.166666666666668,0.6299569907398782,16727,2025,4
env_temperature,122,20.333333333333332,0.647741458349771,16724,2025,4
env_temperature,123,20.5,0.665072504972491,16724,2025,4
env_temperature,124,20.666666666666668,0.6819577574158832,16721,2025,4
env_temperature,125,20.833333333333332,0.6984624078949009,16720,2025,4
env_temperature,126,21.0,0.7144811035059541,16718,2025,4
env_temperature,127,21.166666666666668,0.7297792297235816,16716,2025,4
env_temperature,128,21.333333333333332,0.7445842873184633,16713,2025,4
env_temperature,129,21.5,0.7589370142558826,16712,2025,4
env_temperature,130,21.666666666666668,0.772593674199577,16710,2025,4
env_temperature,131,21.833333333333332,0.7856105788385179,16710,2025,4
env_temperature,132,22.0,0.7979249157771438,16707,2025,4
env_temperature,133,22.166666666666668,0.8098092413677406,16705,2025,4
env_temperature,134,22.333333333333332,0.8208918746385627,16701,2025,4
env_temperature,135,22.5,0.8312614549813943,16700,2025,4
env_temperature,136,22.666666666666668,0.8407057604455356,16696,2025,4
env_temperature,137,22.833333333333332,0.8491192637975387,16698,2025,4
env_temperature,138,23.0,0.8566880291457514,16691,2025,4
env_temperature,139,23.166666666666668,0.8632100409489172,16691,2025,4
env_temperature,140,23.333333333333332,0.8685541258873062,16692,2025,4
env_temperature,141,23.5,0.8727847660810111,16687,2025,4
env_temperature,142,23.666666666666668,0.8758147762476969,16684,2025,4
env_temperature,143,23.833333333333332,0.8777222570898274,16684,2025,4
env_temperature,144,24.0,0.8781649087057075,16684,2025,4
soil_humidity,1,0.16666666666666666,0.9951675517195978,17071,2025,4
soil_humidity,2,0.3333333333333333,0.9949463530158578,17065,2025,4
soil_humidity,3,0.5,0.9946688816564242,17057,2025,4
soil_humidity,4,0.6666666666666666,0.9944633436914776,17050,2025,4
soil_humidity,5,0.8333333333333334,0.9941872192125151,17043,2025,4
soil_humidity,6,1.0,0.9940296352675229,17037,2025,4
soil_humidity,7,1.1666666666666667,0.9937976210427639,17030,2025,4
soil_humidity,8,1.3333333333333333,0.9934664059636953,17028,2025,4
soil_humidity,9,1.5,0.9932618665879599,17020,2025,4
soil_humidity,10,1.6666666666666667,0.9929168512354798,17019,2025,4
soil_humidity,11,1.8333333333333333,0.9926722345552327,17011,2025,4
soil_humidity,12,2.0,0.9923143814704687,17003,2025,4
soil_humidity,13,2.1666666666666665,0.9920297362112117,16994,2025,4
soil_humidity,14,2.3333333333333335,0.9918279327371603,16988,2025,4
soil_humidity,15,2.5,0.9914564899339077,16982,2025,4
soil_humidity,16,2.6666666666666665,0.9911780918993874,16977,2025,4
soil_humidity,17,2.8333333333333335,0.9908183449109748,16971,2025,4
soil_humidity,18,3.0,0.9905135973361402,16965,2025,4
soil_humidity,19,3.1666666666666665,0.9904652882637854,16962,2025,4
soil_humidity,20,3.3333333333333335,0.9901669515513726,16953,2025,4
soil_humidity,21,3.5,0.989779235619682,16950,2025,4
soil_humidity,22,3.6666666666666665,0.9896684997296984,16948,2025,4
soil_humidity,23,3.8333333333333335,0.9894820931253145,16942,2025,4
soil_humidity,24,4.0,0.9891846925343848,16939,2025,4
soil_humidity,25,4.166666666666667,0.9890220519555483,16939,2025,4
soil_humidity,26,4.333333333333333,0.9886859887268772,16928,2025,4
soil_humidity,27,4.5,0.9884960055794757,16925,2025,4
soil_humidity,28,4.666666666666667,0.9882045991377862,16924,2025,4
soil_humidity,29,4.833333333333333,0.9879139326995424,16917,2025,4
soil_humidity,30,5.0,0.9876709886213958,16917,2025,4
soil_humidity,31,5.166666666666667,0.9873588975315024,16915,2025,4
soil_humidity,32,5.333333333333333,0.9871833630987837,16917,2025,4
soil_humidity,33,5.5,0.9868318557867625,16908,2025,4
soil_humidity,34,5.666666666666667,0.9865535800250824,16905,2025,4
soil_humidity,35,5.833333333333333,0.986366185025323,16904,2025,4
soil_humidity,36,6.0,0.9860556508616318,16899,2025,4
soil_humidity,37,6.166666666666667,0.9856296293446228,16901,2025,4
soil_humidity,38,6.333333333333333,0.9855193005952877,16897,2025,4
soil_humidity,39,6.5,0.9850493626199505,16900,2025,4
soil_humidity,40,6.666666666666667,0.9848276047783688,16892,2025,4
soil_humidity,41,6.833333333333333,0.9844588841066041,16889,2025,4
soil_humidity,42,7.0,0.9841672537332717,16886,2025,4
soil_humidity,43,7.166666666666667,0.9838210386213914,16887,2025,4
soil_humidity,44,7.333333333333333,0.9835506609840986,16882,2025,4
soil_humidity,45,7.5,0.9832925590920977,16879,2025,4
soil_humidity,46,7.666666666666667,0.9828609604426746,16874,2025,4
soil_humidity,47,7.833333333333333,0.9827875616992616,16869,2025,4
soil_humidity,48,8.0,0.9823796249535997,16866,2025,4
soil_humidity,49,8.166666666666666,0.9820928798978269,16864,2025,4
soil_humidity,50,8.333333333333334,0.9818966753616324,16863,2025,4
soil_humidity,51,8.5,0.981713052257861,16862,2025,4
soil_humidity,52,8.666666666666666,0.9814877918552076,16854,2025,4
soil_humidity,53,8.833333333333334,0.9809958973364288,16852,2025,4
soil_humidity,54,9.0,0.9808696424335348,16855,2025,4
soil_humidity,55,9.166666666666666,0.980546945719505,16848,2025,4
soil_humidity,56,9.333333333333334,0.98032201189902,16844,2025,4
soil_humidity,57,9.5,0.9802182536791643,16839,2025,4
soil_humidity,58,9.666666666666666,0.9800880005234739,16840,2025,4
soil_humidity,59,9.833333333333334,0.9797800132559431,16836,2025,4
soil_humidity,60,10.0,0.9797279131885637,16837,2025,4
soil_humidity,61,10.166666666666666,0.979322968958017,16832,2025,4
soil_humidity,62,10.333333333333334,0.9791097712906485,16828,2025,4
soil_humidity,63,10.5,0.979014842121851,16826,2025,4
soil_humidity,64,10.666666666666666,0.9789909368436517,16821,2025,4
soil_humidity,65,10.833333333333334,0.9787081059717133,16816,2025,4
soil_humidity,66,11.0,0.9786880823337379,16811,2025,4
soil_humidity,67,11.166666666666666,0.978413517988916,16811,2025,4
soil_humidity,68,11.333333333333334,0.9781356162575,16810,2025,4
soil_humidity,69,11.5,0.9778724395263725,16804,2025,4
soil_humidity,70,11.666666666666666,0.9777460487197682,16804,2025,4
soil_humidity,71,11.833333333333334,0.9775979011510647,16804,2025,4
soil_humidity,72,12.0,0.9774744501905589,16800,2025,4
soil_humidity,73,12.166666666666666,0.9772306614363396,16798,2025,4
soil_humidity,74,12.333333333333334,0.9769841264048185,16798,2025,4
soil_humidity,75,12.5,0.9766859020787412,16793,2025,4
soil_humidity,76,12.666666666666666,0.9766613584097626,16796,2025,4
soil_humidity,77,12.833333333333334,0.9764518682885045,16795,2025,4
soil_humidity,78,13.0,0.9761644549827214,16787,2025,4
soil_humidity,79,13.166666666666666,0.9761038148322726,16790,2025,4
soil_humidity,80,13.333333333333334,0.9758084515813195,16784,2025,4
soil_humidity,81,13.5,0.9756973470303557,16783,2025,4
soil_humidity,82,13.666666666666666,0.9755097953653108,16785,2025,4
soil_humidity,83,13.833333333333334,0.9753254640324038,16784,2025,4
soil_humidity,84,14.0,0.9751033105089386,16779,2025,4
soil_humidity,85,14.166666666666666,0.9749722054743836,16776,2025,4
soil_humidity,86,14.333333333333334,0.9748202146608846,16779,2025,4
soil_humidity,87,14.5,0.9747029208376242,16772,2025,4
soil_humidity,88,14.666666666666666,0.974387346560967,16779,2025,4
soil_humidity,89,14.833333333333334,0.9742877806418025,16774,2025,4
soil_humidity,90,15.0,0.9740931130444777,16769,2025,4
soil_humidity,91,15.166666666666666,0.9740367969405568,16765,2025,4
soil_humidity,92,15.333333333333334,0.9737262589886052,16766,2025,4
soil_humidity,93,15.5,0.9737240173924788,16761,2025,4
soil_humidity,94,15.666666666666666,0.9733014128946568,16763,2025,4
soil_humidity,95,15.833333333333334,0.9732880602101215,16758,2025,4
soil_humidity,96,16.0,0.9731094444382948,16755,2025,4
soil_humidity,97,16.166666666666668,0.9728049950924603,16755,2025,4
soil_humidity,98,16.333333333333332,0.9725900109332993,16754,2025,4
soil_humidity,99,16.5,0.9726615157018329,16753,2025,4
soil_humidity,100,16.666666666666668,0.9722874774262925,16752,2025,4
soil_humidity,101,16.833333333333332,0.9720844414175607,16746,2025,4
soil_humidity,102,17.0,0.9720540546627422,16742,2025,4
soil_humidity,103,17.166666666666668,0.9717015251959376,16741,2025,4
soil_humidity,104,17.333333333333332,0.9716063639803332,16741,2025,4
soil_humidity,105,17.5,0.9714296104261881,16737,2025,4
soil_humidity,106,17.666666666666668,0.9712954356706595,16736,2025,4
soil_humidity,107,17.833333333333332,0.9711526723946841,16734,2025,4
soil_humidity,108,18.0,0.9707904740942087,16733,2025,4
soil_humidity,109,18.166666666666668,0.9706515161557219,16730,2025,4
soil_humidity,110,18.333333333333332,0.970452969284542,16729,2025,4
soil_humidity,111,18.5,0.9702473931856748,16729,2025,4
soil_humidity,112,18.666666666666668,0.9702236262402856,16729,2025,4
soil_humidity,113,18.833333333333332,0.9699991988065033,16725,2025,4
soil_humidity,114,19.0,0.9699499538837271,16722,2025,4
soil_humidity,115,19.166666666666668,0.9696739815038063,16719,2025,4
soil_humidity,116,19.333333333333332,0.9694858056952075,16722,2025,4
soil_humidity,117,19.5,0.969261728669475,16717,2025,4
soil_humidity,118,19.666666666666668,0.969257123346973,16718,2025,4
soil_humidity,119,19.833333333333332,0.9691775558587179,16718,2025,4
soil_humidity,120,20.0,0.9686833469517793,16713,2025,4
soil_humidity,121,20.166666666666668,0.9688196911037289,16713,2025,4
soil_humidity,122,20.333333333333332,0.9686299582940807,16710,2025,4
soil_humidity,123,20.5,0.9683009977675139,16710,2025,4
soil_humidity,124,20.666666666666668,0.9682733942251716,16707,2025,4
soil_humidity,125,20.833333333333332,0.9680160018099948,16706,2025,4
soil_humidity,126,21.0,0.9678606724234023,16705,2025,4
soil_humidity,127,21.166666666666668,0.967802371427184,16702,2025,4
soil_humidity,128,21.333333333333332,0.9676614885171785,16699,2025,4
soil_humidity,129,21.5,0.967463550257823,16698,2025,4
soil_humidity,130,21.666666666666668,0.967390689517215,16696,2025,4
soil_humidity,131,21.833333333333332,0.967142923025343,16696,2025,4
soil_humidity,132,22.0,0.967002461489371,16693,2025,4
soil_humidity,133,22.166666666666668,0.9666147481208546,16691,2025,4
soil_humidity,134,22.333333333333332,0.9664831567566647,16687,2025,4
soil_humidity,135,22.5,0.9663502534108022,16686,2025,4
soil_humidity,136,22.666666666666668,0.9663272520214682,16682,2025,4
soil_humidity,137,22.833333333333332,0.9661307417340083,16684,2025,4
soil_humidity,138,23.0,0.9659568731108146,16677,2025,4
soil_humidity,139,23.166666666666668,0.965886950208808,16677,2025,4
soil_humidity,140,23.333333333333332,0.9655692355801286,16678,2025,4
soil_humidity,141,23.5,0.9653536171683605,16673,2025,4
soil_humidity,142,23.666666666666668,0.9652647827577308,16671,2025,4
soil_humidity,143,23.833333333333332,0.965140895561293,16670,2025,4
soil_humidity,144,24.0,0.9651140416214363,16670,2025,4
env_temperature,1,0.16666666666666666,0.9977950141785863,17085,2025,3
env_temperature,2,0.3333333333333333,0.9935165062709643,17079,2025,3
env_temperature,3,0.5,0.9878570487873228,17071,2025,3
env_temperature,4,0.6666666666666666,0.9808871422288448,17064,2025,3
env_temperature,5,0.8333333333333334,0.972768409480203,17057,2025,3
env_temperature,6,1.0,0.9635359329725512,17051,2025,3
env_temperature,7,1.1666666666666667,0.9533148124638223,17044,2025,3
env_temperature,8,1.3333333333333333,0.9421206537246714,17042,2025,3
env_temperature,9,1.5,0.9300375908643044,17033,2025,3
env_temperature,10,1.6666666666666667,0.9173183379184626,17032,2025,3
env_temperature,11,1.8333333333333333,0.9038864953988199,17024,2025,3
env_temperature,12,2.0,0.8896524309174821,17017,2025,3
env_temperature,13,2.1666666666666665,0.8747598411015559,17008,2025,3
env_temperature,14,2.3333333333333335,0.8593466665993401,17001,2025,3
env_temperature,15,2.5,0.8433812726260931,16996,2025,3
env_temperature,16,2.6666666666666665,0.8268432533387728,16990,2025,3
env_temperature,17,2.8333333333333335,0.8099429660075192,16984,2025,3
env_temperature,18,3.0,0.7925213353595808,16979,2025,3
env_temperature,19,3.1666666666666665,0.7746744363577787,16976,2025,3
env_temperature,20,3.3333333333333335,0.7561370258067203,16967,2025,3
env_temperature,21,3.5,0.737328203438278,16964,2025,3
env_temperature,22,3.6666666666666665,0.7182571505499401,16961,2025,3
env_temperature,23,3.8333333333333335,0.6989732130050462,16955,2025,3
env_temperature,24,4.0,0.6794087262332507,16953,2025,3
env_temperature,25,4.166666666666667,0.6595763659951678,16953,2025,3
env_temperature,26,4.333333333333333,0.639507669483081,16941,2025,3
env_temperature,27,4.5,0.6192307058093334,16939,2025,3
env_temperature,28,4.666666666666667,0.5987769765325482,16938,2025,3
env_temperature,29,4.833333333333333,0.5783838846277762,16930,2025,3
env_temperature,30,5.0,0.5577050424028428,16931,2025,3
env_temperature,31,5.166666666666667,0.5370197720873104,16929,2025,3
env_temperature,32,5.333333333333333,0.5160727680674664,16931,2025,3
env_temperature,33,5.5,0.49508210771456057,16921,2025,3
env_temperature,34,5.666666666666667,0.47391705960666836,16919,2025,3
env_temperature,35,5.833333333333333,0.4526797505677152,16918,2025,3
env_temperature,36,6.0,0.43128840472314434,16913,2025,3
env_temperature,37,6.166666666666667,0.4099647688416066,16915,2025,3
env_temperature,38,6.333333333333333,0.3887133837915283,16911,2025,3
env_temperature,39,6.5,0.3678370400979727,16914,2025,3
env_temperature,40,6.666666666666667,0.34691614297415285,16906,2025,3
env_temperature,41,6.833333333333333,0.3263784184197996,16903,2025,3
env_temperature,42,7.0,0.30592810143754445,16900,2025,3
env_temperature,43,7.166666666666667,0.2853572393911806,16901,2025,3
env_temperature,44,7.333333333333333,0.26546425698164955,16896,2025,3
env_temperature,45,7.5,0.24565838615250304,16892,2025,3
env_temperature,46,7.666666666666667,0.22585069959428142,16888,2025,3
env_temperature,47,7.833333333333333,0.20638674270112226,16883,2025,3
env_temperature,48,8.0,0.18757464530801576,16880,2025,3
env_temperature,49,8.166666666666666,0.16896429613041494,16878,2025,3
env_temperature,50,8.333333333333334,0.15092866369678695,16877,2025,3
env_temperature,51,8.5,0.13320577852421667,16876,2025,3
env_temperature,52,8.666666666666666,0.11604741166661267,16868,2025,3
env_temperature,53,8.833333333333334,0.09926719482271038,16866,2025,3
env_temperature,54,9.0,0.08294016706841731,16867,2025,3
env_temperature,55,9.166666666666666,0.06708260082104814,16862,2025,3
env_temperature,56,9.333333333333334,0.05182020859250035,16858,2025,3
env_temperature,57,9.5,0.03736859601392174,16853,2025,3
env_temperature,58,9.666666666666666,0.02364546103863529,16853,2025,3
env_temperature,59,9.833333333333334,0.010530950160369906,16850,2025,3
env_temperature,60,10.0,-0.0017156490388314186,16850,2025,3
env_temperature,61,10.166666666666666,-0.013283042625419154,16846,2025,3
env_temperature,62,10.333333333333334,-0.024095836437757652,16842,2025,3
env_temperature,63,10.5,-0.03367589290823471,16838,2025,3
env_temperature,64,10.666666666666666,-0.042697166160680554,16835,2025,3
env_temperature,65,10.833333333333334,-0.0509488104652528,16830,2025,3
env_temperature,66,11.0,-0.05801939570936304,16825,2025,3
env_temperature,67,11.166666666666666,-0.06441311410420136,16825,2025,3
env_temperature,68,11.333333333333334,-0.0693405570878496,16824,2025,3
env_temperature,69,11.5,-0.0736973765343393,16818,2025,3
env_temperature,70,11.666666666666666,-0.07701486089031262,16817,2025,3
env_temperature,71,11.833333333333334,-0.07936052269485593,16818,2025,3
env_temperature,72,12.0,-0.08041682066493482,16814,2025,3
env_temperature,73,12.166666666666666,-0.0806716461988588,16812,2025,3
env_temperature,74,12.333333333333334,-0.07967587368074482,16812,2025,3
env_temperature,75,12.5,-0.07794120879174624,16807,2025,3
env_temperature,76,12.666666666666666,-0.0748146648882788,16810,2025,3
env_temperature,77,12.833333333333334,-0.07120998111773646,16807,2025,3
env_temperature,78,13.0,-0.06624197510152913,16801,2025,3
env_temperature,79,13.166666666666666,-0.060182378997097795,16804,2025,3
env_temperature,80,13.333333333333334,-0.0533223040276862,16798,2025,3
env_temperature,81,13.5,-0.04536272662470671,16797,2025,3
env_temperature,82,13.666666666666666,-0.03649774640282922,16799,2025,3
env_temperature,83,13.833333333333334,-0.026857273354654262,16798,2025,3
env_temperature,84,14.0,-0.016657039872084684,16793,2025,3
env_temperature,85,14.166666666666666,-0.005489667890732985,16790,2025,3
env_temperature,86,14.333333333333334,0.006371403690479484,16792,2025,3
env_temperature,87,14.5,0.018974917646862315,16786,2025,3
env_temperature,88,14.666666666666666,0.03211910043131569,16792,2025,3
env_temperature,89,14.833333333333334,0.04618213254047097,16788,2025,3
env_temperature,90,15.0,0.06067452621772472,16783,2025,3
env_temperature,91,15.166666666666666,0.07572853799159412,16779,2025,3
env_temperature,92,15.333333333333334,0.09117729709505933,16780,2025,3
env_temperature,93,15.5,0.10711841513049943,16775,2025,3
env_temperature,94,15.666666666666666,0.1235146518360233,16777,2025,3
env_temperature,95,15.833333333333334,0.1402634401510277,16772,2025,3
env_temperature,96,16.0,0.15709012806505981,16768,2025,3
env_temperature,97,16.166666666666668,0.17467428329561768,16769,2025,3
env_temperature,98,16.333333333333332,0.19215757354020677,16768,2025,3
env_temperature,99,16.5,0.2101314840378992,16767,2025,3
env_temperature,100,16.666666666666668,0.22860053110057435,16766,2025,3
env_temperature,101,16.833333333333332,0.2469413705494676,16760,2025,3
env_temperature,102,17.0,0.26568671563793966,16756,2025,3
env_temperature,103,17.166666666666668,0.28444873923122266,16755,2025,3
env_temperature,104,17.333333333333332,0.3035162855481878,16754,2025,3
env_temperature,105,17.5,0.32251419201306053,16751,2025,3
env_temperature,106,17.666666666666668,0.341979373861372,16750,2025,3
env_temperature,107,17.833333333333332,0.36150609307664944,16748,2025,3
env_temperature,108,18.0,0.3812458527620072,16747,2025,3
env_temperature,109,18.166666666666668,0.4007176150694206,16744,2025,3
env_temperature,110,18.333333333333332,0.4205920987191369,16743,2025,3
env_temperature,111,18.5,0.4401373035320625,16743,2025,3
env_temperature,112,18.666666666666668,0.45998379634801123,16742,2025,3
env_temperature,113,18.833333333333332,0.4795146694878114,16739,2025,3
env_temperature,114,19.0,0.49895188769342413,16736,2025,3
env_temperature,115,19.166666666666668,0.5182331962518169,16733,2025,3
env_temperature,116,19.333333333333332,0.5372900908207243,16735,2025,3
env_temperature,117,19.5,0.5560417031585247,16731,2025,3
env_temperature,118,19.666666666666668,0.5749592855812785,16732,2025,3
env_temperature,119,19.833333333333332,0.5937469461836916,16732,2025,3
env_temperature,120,20.0,0.6120570967004539,16727,2025,3
env_temperature,121,20.166666666666668,0.6299569907398782,16727,2025,3
env_temperature,122,20.333333333333332,0.647741458349771,16724,2025,3
env_temperature,123,20.5,0.665072504972491,16724,2025,3
env_temperature,124,20.666666666666668,0.6819577574158832,16721,2025,3
env_temperature,125,20.833333333333332,0.6984624078949009,16720,2025,3
env_temperature,126,21.0,0.7144811035059541,16718,2025,3
env_temperature,127,21.166666666666668,0.7297792297235816,16716,2025,3
env_temperature,128,21.333333333333332,0.7445842873184633,16713,2025,3
env_temperature,129,21.5,0.7589370142558826,16712,2025,3
env_temperature,130,21.666666666666668,0.772593674199577,16710,2025,3
env_temperature,131,21.833333333333332,0.7856105788385179,16710,2025,3
env_temperature,132,22.0,0.7979249157771438,16707,2025,3
env_temperature,133,22.166666666666668,0.8098092413677406,16705,2025,3
env_temperature,134,22.333333333333332,0.8208918746385627,16701,2025,3
env_temperature,135,22.5,0.8312614549813943,16700,2025,3
env_temperature,136,22.666666666666668,0.8407057604455356,16696,2025,3
env_temperature,137,22.833333333333332,0.8491192637975387,16698,2025,3
env_temperature,138,23.0,0.8566880291457514,16691,2025,3
env_temperature,139,23.166666666666668,0.8632100409489172,16691,2025,3
env_temperature,140,23.333333333333332,0.8685541258873062,16692,2025,3
env_temperature,141,23.5,0.8727847660810111,16687,2025,3
env_temperature,142,23.666666666666668,0.8758147762476969,16684,2025,3
env_temperature,143,23.833333333333332,0.8777222570898274,16684,2025,3
env_temperature,144,24.0,0.8781649087057075,16684,2025,3
soil_humidity,1,0.16666666666666666,0.9991170422808886,17061,2025,3
soil_humidity,2,0.3333333333333333,0.9986175125964182,17054,2025,3
soil_humidity,3,0.5,0.9982212158315796,17045,2025,3
soil_humidity,4,0.6666666666666666,0.9978425799987123,17039,2025,3
soil_humidity,5,0.8333333333333334,0.9975534346365188,17032,2025,3
soil_humidity,6,1.0,0.9973309877982898,17025,2025,3
soil_humidity,7,1.1666666666666667,0.9970816003777089,17018,2025,3
soil_humidity,8,1.3333333333333333,0.9967102619219451,17016,2025,3
soil_humidity,9,1.5,0.9963715581676582,17008,2025,3
soil_humidity,10,1.6666666666666667,0.9960591692443503,17007,2025,3
soil_humidity,11,1.8333333333333333,0.9957395312673849,16998,2025,3
soil_humidity,12,2.0,0.9954548989931211,16991,2025,3
soil_humidity,13,2.1666666666666665,0.9951186801925754,16983,2025,3
soil_humidity,14,2.3333333333333335,0.9948466400600414,16976,2025,3
soil_humidity,15,2.5,0.9945394519510083,16970,2025,3
soil_humidity,16,2.6666666666666665,0.9942682616379827,16964,2025,3
soil_humidity,17,2.8333333333333335,0.994028785591202,16958,2025,3
soil_humidity,18,3.0,0.9937737304240019,16954,2025,3
soil_humidity,19,3.1666666666666665,0.9935289673688517,16950,2025,3
soil_humidity,20,3.3333333333333335,0.9932718327785048,16941,2025,3
soil_humidity,21,3.5,0.9930569680011971,16939,2025,3
soil_humidity,22,3.6666666666666665,0.992821159407192,16935,2025,3
soil_humidity,23,3.8333333333333335,0.9926429559466396,16931,2025,3
soil_humidity,24,4.0,0.9924348704669205,16927,2025,3
soil_humidity,25,4.166666666666667,0.9922531071354344,16927,2025,3
soil_humidity,26,4.333333333333333,0.9920389252316609,16915,2025,3
soil_humidity,27,4.5,0.9917753981928568,16913,2025,3
soil_humidity,28,4.666666666666667,0.9915266863927956,16912,2025,3
soil_humidity,29,4.833333333333333,0.991196643538561,16904,2025,3
soil_humidity,30,5.0,0.9909038549937049,16905,2025,3
soil_humidity,31,5.166666666666667,0.9906900325771116,16903,2025,3
soil_humidity,32,5.333333333333333,0.9903638242219976,16905,2025,3
soil_humidity,33,5.5,0.990059040819961,16896,2025,3
soil_humidity,34,5.666666666666667,0.9896966156580453,16893,2025,3
soil_humidity,35,5.833333333333333,0.9894503344787432,16892,2025,3
soil_humidity,36,6.0,0.989152988083071,16887,2025,3
soil_humidity,37,6.166666666666667,0.9889545557925278,16889,2025,3
soil_humidity,38,6.333333333333333,0.9886734688592577,16885,2025,3
soil_humidity,39,6.5,0.988375407369072,16889,2025,3
soil_humidity,40,6.666666666666667,0.9880828801288069,16880,2025,3
soil_humidity,41,6.833333333333333,0.987792524478856,16877,2025,3
soil_humidity,42,7.0,0.9874949509489673,16874,2025,3
soil_humidity,43,7.166666666666667,0.9872303224266931,16875,2025,3
soil_humidity,44,7.333333333333333,0.986933618869583,16871,2025,3
soil_humidity,45,7.5,0.9866399924776207,16866,2025,3
soil_humidity,46,7.666666666666667,0.9863322547887102,16862,2025,3
soil_humidity,47,7.833333333333333,0.9860832022300049,16857,2025,3
soil_humidity,48,8.0,0.9857983897833299,16854,2025,3
soil_humidity,49,8.166666666666666,0.9855355348792049,16852,2025,3
soil_humidity,50,8.333333333333334,0.985283019676431,16852,2025,3
soil_humidity,51,8.5,0.985041527326445,16851,2025,3
soil_humidity,52,8.666666666666666,0.9847802961153579,16843,2025,3
soil_humidity,53,8.833333333333334,0.9845024100158202,16841,2025,3
soil_humidity,54,9.0,0.9842606492375136,16844,2025,3
soil_humidity,55,9.166666666666666,0.9839889523309535,16837,2025,3
soil_humidity,56,9.333333333333334,0.9837310610958071,16834,2025,3
soil_humidity,57,9.5,0.9835741423596548,16829,2025,3
soil_humidity,58,9.666666666666666,0.9833670518539787,16828,2025,3
soil_humidity,59,9.833333333333334,0.9830424178507718,16825,2025,3
soil_humidity,60,10.0,0.982901778966111,16825,2025,3
soil_humidity,61,10.166666666666666,0.9825716526183849,16822,2025,3
soil_humidity,62,10.333333333333334,0.9823264271065747,16817,2025,3
soil_humidity,63,10.5,0.9821162100170725,16815,2025,3
soil_humidity,64,10.666666666666666,0.9821137688201264,16810,2025,3
soil_humidity,65,10.833333333333334,0.981852823700138,16805,2025,3
soil_humidity,66,11.0,0.9816303500160752,16800,2025,3
soil_humidity,67,11.166666666666666,0.981386794505445,16801,2025,3
soil_humidity,68,11.333333333333334,0.9811866401089341,16799,2025,3
soil_humidity,69,11.5,0.9809563414064832,16793,2025,3
soil_humidity,70,11.666666666666666,0.9807689370950778,16791,2025,3
soil_humidity,71,11.833333333333334,0.9805944621508943,16792,2025,3
soil_humidity,72,12.0,0.9804147400994384,16788,2025,3
soil_humidity,73,12.166666666666666,0.980205438201681,16786,2025,3
soil_humidity,74,12.333333333333334,0.9800079847984099,16788,2025,3
soil_humidity,75,12.5,0.9798207825170043,16782,2025,3
soil_humidity,76,12.666666666666666,0.9796750747821261,16787,2025,3
soil_humidity,77,12.833333333333334,0.9795109822065046,16783,2025,3
soil_humidity,78,13.0,0.9793182759813335,16776,2025,3
soil_humidity,79,13.166666666666666,0.979149353837731,16779,2025,3
soil_humidity,80,13.333333333333334,0.9789589702328299,16773,2025,3
soil_humidity,81,13.5,0.9787791045887116,16772,2025,3
soil_humidity,82,13.666666666666666,0.978627770038176,16775,2025,3
soil_humidity,83,13.833333333333334,0.9784619184825339,16773,2025,3
soil_humidity,84,14.0,0.9782907582585308,16768,2025,3
soil_humidity,85,14.166666666666666,0.9781263815173518,16765,2025,3
soil_humidity,86,14.333333333333334,0.9779857950491269,16767,2025,3
soil_humidity,87,14.5,0.9778266909687942,16761,2025,3
soil_humidity,88,14.666666666666666,0.9776662275405132,16767,2025,3
soil_humidity,89,14.833333333333334,0.9775740681688116,16763,2025,3
soil_humidity,90,15.0,0.9774397928650893,16759,2025,3
soil_humidity,91,15.166666666666666,0.9772991052313167,16756,2025,3
soil_humidity,92,15.333333333333334,0.9771344817655557,16756,2025,3
soil_humidity,93,15.5,0.9769701582275467,16751,2025,3
soil_humidity,94,15.666666666666666,0.9767583231599501,16754,2025,3
soil_humidity,95,15.833333333333334,0.9767161905141777,16748,2025,3
soil_humidity,96,16.0,0.9765439081171962,16745,2025,3
soil_humidity,97,16.166666666666668,0.9763821474674563,16745,2025,3
soil_humidity,98,16.333333333333332,0.9762070648371381,16744,2025,3
soil_humidity,99,16.5,0.9760667285090218,16744,2025,3
soil_humidity,100,16.666666666666668,0.9758903317732578,16744,2025,3
soil_humidity,101,16.833333333333332,0.9757825999343976,16737,2025,3
soil_humidity,102,17.0,0.9755971662911206,16732,2025,3
soil_humidity,103,17.166666666666668,0.9754375312678061,16731,2025,3
soil_humidity,104,17.333333333333332,0.9752712686890701,16731,2025,3
soil_humidity,105,17.5,0.9751113262599898,16727,2025,3
soil_humidity,106,17.666666666666668,0.9750307895812111,16726,2025,3
soil_humidity,107,17.833333333333332,0.9748919332647394,16724,2025,3
soil_humidity,108,18.0,0.974620721410414,16723,2025,3
soil_humidity,109,18.166666666666668,0.9745822410268412,16720,2025,3
soil_humidity,110,18.333333333333332,0.9742884749741509,16719,2025,3
soil_humidity,111,18.5,0.9741407745354548,16719,2025,3
soil_humidity,112,18.666666666666668,0.973994033225732,16719,2025,3
soil_humidity,113,18.833333333333332,0.9739363208417198,16715,2025,3
soil_humidity,114,19.0,0.973753055313398,16713,2025,3
soil_humidity,115,19.166666666666668,0.9736181805237192,16709,2025,3
soil_humidity,116,19.333333333333332,0.9734502783457417,16711,2025,3
soil_humidity,117,19.5,0.9732959241822898,16707,2025,3
soil_humidity,118,19.666666666666668,0.9731606161770854,16708,2025,3
soil_humidity,119,19.833333333333332,0.97303674367206,16708,2025,3
soil_humidity,120,20.0,0.9727914311150714,16703,2025,3
soil_humidity,121,20.166666666666668,0.9727975924358485,16704,2025,3
soil_humidity,122,20.333333333333332,0.9726751423880273,16700,2025,3
soil_humidity,123,20.5,0.9725384768201583,16701,2025,3
soil_humidity,124,20.666666666666668,0.9724054990888341,16697,2025,3
soil_humidity,125,20.833333333333332,0.9722731295735112,16697,2025,3
soil_humidity,126,21.0,0.972160504020757,16694,2025,3
soil_humidity,127,21.166666666666668,0.972026900916212,16692,2025,3
soil_humidity,128,21.333333333333332,0.971848044457902,16689,2025,3
soil_humidity,129,21.5,0.9717109024865447,16688,2025,3
soil_humidity,130,21.666666666666668,0.9715719024577709,16686,2025,3
soil_humidity,131,21.833333333333332,0.9714410919953237,16686,2025,3
soil_humidity,132,22.0,0.971285147992982,16683,2025,3
soil_humidity,133,22.166666666666668,0.9711160713456217,16681,2025,3
soil_humidity,134,22.333333333333332,0.9709408743694008,16678,2025,3
soil_humidity,135,22.5,0.9707768552184727,16676,2025,3
soil_humidity,136,22.666666666666668,0.9706831683441367,16672,2025,3
soil_humidity,137,22.833333333333332,0.9705607553606057,16675,2025,3
soil_humidity,138,23.0,0.9702705529280422,16669,2025,3
soil_humidity,139,23.166666666666668,0.9702459578216038,16668,2025,3
soil_humidity,140,23.333333333333332,0.9700087525113679,16670,2025,3
soil_humidity,141,23.5,0.9698289150770261,16664,2025,3
soil_humidity,142,23.666666666666668,0.9696911690424572,16662,2025,3
soil_humidity,143,23.833333333333332,0.9696867419020044,16661,2025,3
soil_humidity,144,24.0,0.969597033760735,16661,2025,3
env_temperature,1,0.16666666666666666,0.9977950141785863,17085,2025,1
env_temperature,2,0.3333333333333333,0.9935165062709643,17079,2025,1
env_temperature,3,0.5,0.9878570487873228,17071,2025,1
env_temperature,4,0.6666666666666666,0.9808871422288448,17064,2025,1
env_temperature,5,0.8333333333333334,0.972768409480203,17057,2025,1
env_temperature,6,1.0,0.9635359329725512,17051,2025,1
env_temperature,7,1.1666666666666667,0.9533148124638223,17044,2025,1
env_temperature,8,1.3333333333333333,0.9421206537246714,17042,2025,1
env_temperature,9,1.5,0.9300375908643044,17033,2025,1
env_temperature,10,1.6666666666666667,0.9173183379184626,17032,2025,1
env_temperature,11,1.8333333333333333,0.9038864953988199,17024,2025,1
env_temperature,12,2.0,0.8896524309174821,17017,2025,1
env_temperature,13,2.1666666666666665,0.8747598411015559,17008,2025,1
env_temperature,14,2.3333333333333335,0.8593466665993401,17001,2025,1
env_temperature,15,2.5,0.8433812726260931,16996,2025,1
env_temperature,16,2.6666666666666665,0.8268432533387728,16990,2025,1
env_temperature,17,2.8333333333333335,0.8099429660075192,16984,2025,1
env_temperature,18,3.0,0.7925213353595808,16979,2025,1
env_temperature,19,3.1666666666666665,0.7746744363577787,16976,2025,1
env_temperature,20,3.3333333333333335,0.7561370258067203,16967,2025,1
env_temperature,21,3.5,0.737328203438278,16964,2025,1
env_temperature,22,3.6666666666666665,0.7182571505499401,16961,2025,1
env_temperature,23,3.8333333333333335,0.6989732130050462,16955,2025,1
env_temperature,24,4.0,0.6794087262332507,16953,2025,1
env_temperature,25,4.166666666666667,0.6595763659951678,16953,2025,1
env_temperature,26,4.333333333333333,0.639507669483081,16941,2025,1
env_temperature,27,4.5,0.6192307058093334,16939,2025,1
env_temperature,28,4.666666666666667,0.5987769765325482,16938,2025,1
env_temperature,29,4.833333333333333,0.5783838846277762,16930,2025,1
env_temperature,30,5.0,0.5577050424028428,16931,2025,1
env_temperature,31,5.166666666666667,0.5370197720873104,16929,2025,1
env_temperature,32,5.333333333333333,0.5160727680674664,16931,2025,1
env_temperature,33,5.5,0.49508210771456057,16921,2025,1
env_temperature,34,5.666666666666667,0.47391705960666836,16919,2025,1
env_temperature,35,5.833333333333333,0.4526797505677152,16918,2025,1
env_temperature,36,6.0,0.43128840472314434,16913,2025,1
env_temperature,37,6.166666666666667,0.4099647688416066,16915,2025,1
env_temperature,38,6.333333333333333,0.3887133837915283,16911,2025,1
env_temperature,39,6.5,0.3678370400979727,16914,2025,1
env_temperature,40,6.666666666666667,0.34691614297415285,16906,2025,1
env_temperature,41,6.833333333333333,0.3263784184197996,16903,2025,1
env_temperature,42,7.0,0.30592810143754445,16900,2025,1
env_temperature,43,7.166666666666667,0.2853572393911806,16901,2025,1
env_temperature,44,7.333333333333333,0.26546425698164955,16896,2025,1
env_temperature,45,7.5,0.24565838615250304,16892,2025,1
env_temperature,46,7.666666666666667,0.22585069959428142,16888,2025,1
env_temperature,47,7.833333333333333,0.20638674270112226,16883,2025,1
env_temperature,48,8.0,0.18757464530801576,16880,2025,1
env_temperature,49,8.166666666666666,0.16896429613041494,16878,2025,1
env_temperature,50,8.333333333333334,0.15092866369678695,16877,2025,1
env_temperature,51,8.5,0.13320577852421667,16876,2025,1
env_temperature,52,8.666666666666666,0.11604741166661267,16868,2025,1
env_temperature,53,8.833333333333334,0.09926719482271038,16866,2025,1
env_temperature,54,9.0,0.08294016706841731,16867,2025,1
env_temperature,55,9.166666666666666,0.06708260082104814,16862,2025,1
env_temperature,56,9.333333333333334,0.05182020859250035,16858,2025,1
env_temperature,57,9.5,0.03736859601392174,16853,2025,1
env_temperature,58,9.666666666666666,0.02364546103863529,16853,2025,1
env_temperature,59,9.833333333333334,0.010530950160369906,16850,2025,1
env_temperature,60,10.0,-0.0017156490388314186,16850,2025,1
env_temperature,61,10.166666666666666,-0.013283042625419154,16846,2025,1
env_temperature,62,10.333333333333334,-0.024095836437757652,16842,2025,1
env_temperature,63,10.5,-0.03367589290823471,16838,2025,1
env_temperature,64,10.666666666666666,-0.042697166160680554,16835,2025,1
env_temperature,65,10.833333333333334,-0.0509488104652528,16830,2025,1
env_temperature,66,11.0,-0.05801939570936304,16825,2025,1
env_temperature,67,11.166666666666666,-0.06441311410420136,16825,2025,1
env_temperature,68,11.333333333333334,-0.0693405570878496,16824,2025,1
env_temperature,69,11.5,-0.0736973765343393,16818,2025,1
env_temperature,70,11.666666666666666,-0.07701486089031262,16817,2025,1
env_temperature,71,11.833333333333334,-0.07936052269485593,16818,2025,1
env_temperature,72,12.0,-0.08041682066493482,16814,2025,1
env_temperature,73,12.166666666666666,-0.0806716461988588,16812,2025,1
env_temperature,74,12.333333333333334,-0.07967587368074482,16812,2025,1
env_temperature,75,12.5,-0.07794120879174624,16807,2025,1
env_temperature,76,12.666666666666666,-0.0748146648882788,16810,2025,1
env_temperature,77,12.833333333333334,-0.07120998111773646,16807,2025,1
env_temperature,78,13.0,-0.06624197510152913,16801,2025,1
env_temperature,79,13.166666666666666,-0.060182378997097795,16804,2025,1
env_temperature,80,13.333333333333334,-0.0533223040276862,16798,2025,1
env_temperature,81,13.5,-0.04536272662470671,16797,2025,1
env_temperature,82,13.666666666666666,-0.03649774640282922,16799,2025,1
env_temperature,83,13.833333333333334,-0.026857273354654262,16798,2025,1
env_temperature,84,14.0,-0.016657039872084684,16793,2025,1
env_temperature,85,14.166666666666666,-0.005489667890732985,16790,2025,1
env_temperature,86,14.333333333333334,0.006371403690479484,16792,2025,1
env_temperature,87,14.5,0.018974917646862315,16786,2025,1
env_temperature,88,14.666666666666666,0.03211910043131569,16792,2025,1
env_temperature,89,14.833333333333334,0.04618213254047097,16788,2025,1
env_temperature,90,15.0,0.06067452621772472,16783,2025,1
env_temperature,91,15.166666666666666,0.07572853799159412,16779,2025,1
env_temperature,92,15.333333333333334,0.09117729709505933,16780,2025,1
env_temperature,93,15.5,0.10711841513049943,16775,2025,1
env_temperature,94,15.666666666666666,0.1235146518360233,16777,2025,1
env_temperature,95,15.833333333333334,0.1402634401510277,16772,2025,1
env_temperature,96,16.0,0.15709012806505981,16768,2025,1
env_temperature,97,16.166666666666668,0.17467428329561768,16769,2025,1
env_temperature,98,16.333333333333332,0.19215757354020677,16768,2025,1
env_temperature,99,16.5,0.2101314840378992,16767,2025,1
env_temperature,100,16.666666666666668,0.22860053110057435,16766,2025,1
env_temperature,101,16.833333333333332,0.2469413705494676,16760,2025,1
env_temperature,102,17.0,0.26568671563793966,16756,2025,1
env_temperature,103,17.166666666666668,0.28444873923122266,16755,2025,1
env_temperature,104,17.333333333333332,0.3035162855481878,16754,2025,1
env_temperature,105,17.5,0.32251419201306053,16751,2025,1
env_temperature,106,17.666666666666668,0.341979373861372,16750,2025,1
env_temperature,107,17.833333333333332,0.36150609307664944,16748,2025,1
env_temperature,108,18.0,0.3812458527620072,16747,2025,1
env_temperature,109,18.166666666666668,0.4007176150694206,16744,2025,1
env_temperature,110,18.333333333333332,0.4205920987191369,16743,2025,1
env_temperature,111,18.5,0.4401373035320625,16743,2025,1
env_temperature,112,18.666666666666668,0.45998379634801123,16742,2025,1
env_temperature,113,18.833333333333332,0.4795146694878114,16739,2025,1
env_temperature,114,19.0,0.49895188769342413,16736,2025,1
env_temperature,115,19.166666666666668,0.5182331962518169,16733,2025,1
env_temperature,116,19.333333333333332,0.5372900908207243,16735,2025,1
env_temperature,117,19.5,0.5560417031585247,16731,2025,1
env_temperature,118,19.666666666666668,0.5749592855812785,16732,2025,1
env_temperature,119,19.833333333333332,0.5937469461836916,16732,2025,1
env_temperature,120,20.0,0.6120570967004539,16727,2025,1
env_temperature,121,20.166666666666668,0.6299569907398782,16727,2025,1
env_temperature,122,20.333333333333332,0.647741458349771,16724,2025,1
env_temperature,123,20.5,0.665072504972491,16724,2025,1
env_temperature,124,20.666666666666668,0.6819577574158832,16721,2025,1
env_temperature,125,20.833333333333332,0.6984624078949009,16720,2025,1
env_temperature,126,21.0,0.7144811035059541,16718,2025,1
env_temperature,127,21.166666666666668,0.7297792297235816,16716,2025,1
env_temperature,128,21.333333333333332,0.7445842873184633,16713,2025,1
env_temperature,129,21.5,0.7589370142558826,16712,2025,1
env_temperature,130,21.666666666666668,0.772593674199577,16710,2025,1
env_temperature,131,21.833333333333332,0.7856105788385179,16710,2025,1
env_temperature,132,22.0,0.7979249157771438,16707,2025,1
env_temperature,133,22.166666666666668,0.8098092413677406,16705,2025,1
env_temperature,134,22.333333333333332,0.8208918746385627,16701,2025,1
env_temperature,135,22.5,0.8312614549813943,16700,2025,1
env_temperature,136,22.666666666666668,0.8407057604455356,16696,2025,1
env_temperature,137,22.833333333333332,0.8491192637975387,16698,2025,1
env_temperature,138,23.0,0.8566880291457514,16691,2025,1
env_temperature,139,23.166666666666668,0.8632100409489172,16691,2025,1
env_temperature,140,23.333333333333332,0.8685541258873062,16692,2025,1
env_temperature,141,23.5,0.8727847660810111,16687,2025,1
env_temperature,142,23.666666666666668,0.8758147762476969,16684,2025,1
env_temperature,143,23.833333333333332,0.8777222570898274,16684,2025,1
env_temperature,144,24.0,0.8781649087057075,16684,2025,1
soil_humidity,1,0.16666666666666666,0.9981289891586205,17054,2025,1
soil_humidity,2,0.3333333333333333,0.9977832006338084,17048,2025,1
soil_humidity,3,0.5,0.9974137985783037,17041,2025,1
soil_humidity,4,0.6666666666666666,0.997174537675199,17033,2025,1
soil_humidity,5,0.8333333333333334,0.9967722094868883,17026,2025,1
soil_humidity,6,1.0,0.9964410237819057,17020,2025,1
soil_humidity,7,1.1666666666666667,0.9961539124236762,17013,2025,1
soil_humidity,8,1.3333333333333333,0.9958992478798506,17010,2025,1
soil_humidity,9,1.5,0.9955037837368794,17001,2025,1
soil_humidity,10,1.6666666666666667,0.995110692072193,17001,2025,1
soil_humidity,11,1.8333333333333333,0.994694995102499,16993,2025,1
soil_humidity,12,2.0,0.9942772592161222,16985,2025,1
soil_humidity,13,2.1666666666666665,0.9939236256675023,16976,2025,1
soil_humidity,14,2.3333333333333335,0.9935171927975461,16971,2025,1
soil_humidity,15,2.5,0.9931270615095462,16964,2025,1
soil_humidity,16,2.6666666666666665,0.9928150431224306,16958,2025,1
soil_humidity,17,2.8333333333333335,0.9924435323514438,16953,2025,1
soil_humidity,18,3.0,0.9921622189522225,16949,2025,1
soil_humidity,19,3.1666666666666665,0.9918105359472074,16945,2025,1
soil_humidity,20,3.3333333333333335,0.9914762826085793,16938,2025,1
soil_humidity,21,3.5,0.9911789509501698,16933,2025,1
soil_humidity,22,3.6666666666666665,0.990849751673001,16932,2025,1
soil_humidity,23,3.8333333333333335,0.9905554052216026,16924,2025,1
soil_humidity,24,4.0,0.9901599644862777,16921,2025,1
soil_humidity,25,4.166666666666667,0.9899453959074903,16921,2025,1
soil_humidity,26,4.333333333333333,0.9895600870775977,16909,2025,1
soil_humidity,27,4.5,0.9893039522586471,16908,2025,1
soil_humidity,28,4.666666666666667,0.9890468851258931,16907,2025,1
soil_humidity,29,4.833333333333333,0.9887162956989738,16898,2025,1
soil_humidity,30,5.0,0.988432090933708,16900,2025,1
soil_humidity,31,5.166666666666667,0.9881056265982413,16897,2025,1
soil_humidity,32,5.333333333333333,0.9877762348168909,16899,2025,1
soil_humidity,33,5.5,0.9874227030367833,16889,2025,1
soil_humidity,34,5.666666666666667,0.9870510753314073,16887,2025,1
soil_humidity,35,5.833333333333333,0.9867735528558607,16886,2025,1
soil_humidity,36,6.0,0.9864984494662569,16881,2025,1
soil_humidity,37,6.166666666666667,0.9862152787743168,16883,2025,1
soil_humidity,38,6.333333333333333,0.9859453047674089,16879,2025,1
soil_humidity,39,6.5,0.9855479012562177,16886,2025,1
soil_humidity,40,6.666666666666667,0.9852864184729304,16876,2025,1
soil_humidity,41,6.833333333333333,0.9849741825980538,16872,2025,1
soil_humidity,42,7.0,0.9845783593766463,16869,2025,1
soil_humidity,43,7.166666666666667,0.9843417705561867,16871,2025,1
soil_humidity,44,7.333333333333333,0.9839652735149194,16866,2025,1
soil_humidity,45,7.5,0.9836763196494375,16862,2025,1
soil_humidity,46,7.666666666666667,0.9834296710734959,16859,2025,1
soil_humidity,47,7.833333333333333,0.9831436013078159,16853,2025,1
soil_humidity,48,8.0,0.9828532099235743,16850,2025,1
soil_humidity,49,8.166666666666666,0.982574016996252,16848,2025,1
soil_humidity,50,8.333333333333334,0.9822718380214793,16847,2025,1
soil_humidity,51,8.5,0.9819938374705223,16846,2025,1
soil_humidity,52,8.666666666666666,0.9816359271502046,16838,2025,1
soil_humidity,53,8.833333333333334,0.9813493473465364,16836,2025,1
soil_humidity,54,9.0,0.9811019242687347,16837,2025,1
soil_humidity,55,9.166666666666666,0.9808376431405419,16832,2025,1
soil_humidity,56,9.333333333333334,0.9807245054573605,16829,2025,1
soil_humidity,57,9.5,0.9804399970410793,16824,2025,1
soil_humidity,58,9.666666666666666,0.9801911376206343,16824,2025,1
soil_humidity,59,9.833333333333334,0.9797481721953617,16820,2025,1
soil_humidity,60,10.0,0.9796132709624886,16821,2025,1
soil_humidity,61,10.166666666666666,0.9792449612294828,16816,2025,1
soil_humidity,62,10.333333333333334,0.9789851791445474,16812,2025,1
soil_humidity,63,10.5,0.9786792432153104,16811,2025,1
soil_humidity,64,10.666666666666666,0.9785569403363784,16805,2025,1
soil_humidity,65,10.833333333333334,0.9783706000345316,16799,2025,1
soil_humidity,66,11.0,0.9781195493856336,16794,2025,1
soil_humidity,67,11.166666666666666,0.9778576475299802,16795,2025,1
soil_humidity,68,11.333333333333334,0.977573485183266,16794,2025,1
soil_humidity,69,11.5,0.9773400590760443,16788,2025,1
soil_humidity,70,11.666666666666666,0.9770580209702235,16786,2025,1
soil_humidity,71,11.833333333333334,0.976854828349415,16789,2025,1
soil_humidity,72,12.0,0.9766019211107152,16782,2025,1
soil_humidity,73,12.166666666666666,0.9763191458068594,16781,2025,1
soil_humidity,74,12.333333333333334,0.9761516518626162,16782,2025,1
soil_humidity,75,12.5,0.9758813789408973,16776,2025,1
soil_humidity,76,12.666666666666666,0.9757246587037307,16779,2025,1
soil_humidity,77,12.833333333333334,0.9754497070365519,16777,2025,1
soil_humidity,78,13.0,0.9752393054427845,16770,2025,1
soil_humidity,79,13.166666666666666,0.9749929276938007,16774,2025,1
soil_humidity,80,13.333333333333334,0.9748485981504881,16767,2025,1
soil_humidity,81,13.5,0.9745525462965855,16766,2025,1
soil_humidity,82,13.666666666666666,0.9743528257758455,16768,2025,1
soil_humidity,83,13.833333333333334,0.9741317508744829,16766,2025,1
soil_humidity,84,14.0,0.9738778031780682,16762,2025,1
soil_humidity,85,14.166666666666666,0.973712405694458,16759,2025,1
soil_humidity,86,14.333333333333334,0.9734623853785289,16761,2025,1
soil_humidity,87,14.5,0.9733406608941223,16755,2025,1
soil_humidity,88,14.666666666666666,0.973062912798108,16761,2025,1
soil_humidity,89,14.833333333333334,0.9728288027797362,16757,2025,1
soil_humidity,90,15.0,0.9727031274477648,16752,2025,1
soil_humidity,91,15.166666666666666,0.9724429547583114,16748,2025,1
soil_humidity,92,15.333333333333334,0.9722464586855099,16750,2025,1
soil_humidity,93,15.5,0.9720507376087638,16745,2025,1
soil_humidity,94,15.666666666666666,0.97173374906723,16747,2025,1
soil_humidity,95,15.833333333333334,0.9716639114256174,16741,2025,1
soil_humidity,96,16.0,0.9713807246093362,16740,2025,1
soil_humidity,97,16.166666666666668,0.9712224819590242,16739,2025,1
soil_humidity,98,16.333333333333332,0.9709364402480616,16737,2025,1
soil_humidity,99,16.5,0.9707081276121228,16736,2025,1
soil_humidity,100,16.666666666666668,0.9704926848678045,16735,2025,1
soil_humidity,101,16.833333333333332,0.9702500759352454,16729,2025,1
soil_humidity,102,17.0,0.9701120317816059,16725,2025,1
soil_humidity,103,17.166666666666668,0.9698507178260415,16724,2025,1
soil_humidity,104,17.333333333333332,0.9696364519236016,16723,2025,1
soil_humidity,105,17.5,0.9695423982679905,16720,2025,1
soil_humidity,106,17.666666666666668,0.9693889435027223,16721,2025,1
soil_humidity,107,17.833333333333332,0.9691726037494366,16718,2025,1
soil_humidity,108,18.0,0.9688160657418379,16718,2025,1
soil_humidity,109,18.166666666666668,0.9686732868194055,16713,2025,1
soil_humidity,110,18.333333333333332,0.9684276247730506,16712,2025,1
soil_humidity,111,18.5,0.9681275263443396,16712,2025,1
soil_humidity,112,18.666666666666668,0.9680348714706908,16712,2025,1
soil_humidity,113,18.833333333333332,0.9679579096748815,16709,2025,1
soil_humidity,114,19.0,0.9677640114042273,16705,2025,1
soil_humidity,115,19.166666666666668,0.9675750315125937,16703,2025,1
soil_humidity,116,19.333333333333332,0.96741406723272,16705,2025,1
soil_humidity,117,19.5,0.9671576274188636,16701,2025,1
soil_humidity,118,19.666666666666668,0.9670276195748471,16702,2025,1
soil_humidity,119,19.833333333333332,0.9668244917039576,16703,2025,1
soil_humidity,120,20.0,0.9664890270457245,16696,2025,1
soil_humidity,121,20.166666666666668,0.9663519645056751,16696,2025,1
soil_humidity,122,20.333333333333332,0.9661074785954331,16695,2025,1
soil_humidity,123,20.5,0.9659475892214413,16694,2025,1
soil_humidity,124,20.666666666666668,0.9657143025228053,16690,2025,1
soil_humidity,125,20.833333333333332,0.9656162964020192,16689,2025,1
soil_humidity,126,21.0,0.9653034172752086,16689,2025,1
soil_humidity,127,21.166666666666668,0.9651327252467325,16686,2025,1
soil_humidity,128,21.333333333333332,0.9649682380307302,16682,2025,1
soil_humidity,129,21.5,0.9647601110927216,16681,2025,1
soil_humidity,130,21.666666666666668,0.9645052078526063,16680,2025,1
soil_humidity,131,21.833333333333332,0.964402025298374,16680,2025,1
soil_humidity,132,22.0,0.9641341822051105,16677,2025,1
soil_humidity,133,22.166666666666668,0.9640141201248454,16674,2025,1
soil_humidity,134,22.333333333333332,0.9638049521127656,16672,2025,1
soil_humidity,135,22.5,0.9637249388623016,16669,2025,1
soil_humidity,136,22.666666666666668,0.9635367137659866,16665,2025,1
soil_humidity,137,22.833333333333332,0.9634112376461467,16667,2025,1
soil_humidity,138,23.0,0.96311999992133,16662,2025,1
soil_humidity,139,23.166666666666668,0.9630049067147913,16661,2025,1
soil_humidity,140,23.333333333333332,0.9626611105602181,16662,2025,1
soil_humidity,141,23.5,0.9624773307083756,16657,2025,1
soil_humidity,142,23.666666666666668,0.962240638144774,16655,2025,1
soil_humidity,143,23.833333333333332,0.9621867517669633,16653,2025,1
soil_humidity,144,24.0,0.9620252902945856,16653,2025,1
env_temperature,1,0.16666666666666666,0.9977950141785863,17085,2025,2
env_temperature,2,0.3333333333333333,0.9935165062709643,17079,2025,2
env_temperature,3,0.5,0.9878570487873228,17071,2025,2
env_temperature,4,0.6666666666666666,0.9808871422288448,17064,2025,2
env_temperature,5,0.8333333333333334,0.972768409480203,17057,2025,2
env_temperature,6,1.0,0.9635359329725512,17051,2025,2
env_temperature,7,1.1666666666666667,0.9533148124638223,17044,2025,2
env_temperature,8,1.3333333333333333,0.9421206537246714,17042,2025,2
env_temperature,9,1.5,0.9300375908643044,17033,2025,2
env_temperature,10,1.6666666666666667,0.9173183379184626,17032,2025,2
env_temperature,11,1.8333333333333333,0.9038864953988199,17024,2025,2
env_temperature,12,2.0,0.8896524309174821,17017,2025,2
env_temperature,13,2.1666666666666665,0.8747598411015559,17008,2025,2
env_temperature,14,2.3333333333333335,0.8593466665993401,17001,2025,2
env_temperature,15,2.5,0.8433812726260931,16996,2025,2
env_temperature,16,2.6666666666666665,0.8268432533387728,16990,2025,2
env_temperature,17,2.8333333333333335,0.8099429660075192,16984,2025,2
env_temperature,18,3.0,0.7925213353595808,16979,2025,2
env_temperature,19,3.1666666666666665,0.7746744363577787,16976,2025,2
env_temperature,20,3.3333333333333335,0.7561370258067203,16967,2025,2
env_temperature,21,3.5,0.737328203438278,16964,2025,2
env_temperature,22,3.6666666666666665,0.7182571505499401,16961,2025,2
env_temperature,23,3.8333333333333335,0.6989732130050462,16955,2025,2
env_temperature,24,4.0,0.6794087262332507,16953,2025,2
env_temperature,25,4.166666666666667,0.6595763659951678,16953,2025,2
env_temperature,26,4.333333333333333,0.639507669483081,16941,2025,2
env_temperature,27,4.5,0.6192307058093334,16939,2025,2
env_temperature,28,4.666666666666667,0.5987769765325482,16938,2025,2
env_temperature,29,4.833333333333333,0.5783838846277762,16930,2025,2
env_temperature,30,5.0,0.5577050424028428,16931,2025,2
env_temperature,31,5.166666666666667,0.5370197720873104,16929,2025,2
env_temperature,32,5.333333333333333,0.5160727680674664,16931,2025,2
env_temperature,33,5.5,0.49508210771456057,16921,2025,2
env_temperature,34,5.666666666666667,0.47391705960666836,16919,2025,2
env_temperature,35,5.833333333333333,0.4526797505677152,16918,2025,2
env_temperature,36,6.0,0.43128840472314434,16913,2025,2
env_temperature,37,6.166666666666667,0.4099647688416066,16915,2025,2
env_temperature,38,6.333333333333333,0.3887133837915283,16911,2025,2
env_temperature,39,6.5,0.3678370400979727,16914,2025,2
env_temperature,40,6.666666666666667,0.34691614297415285,16906,2025,2
env_temperature,41,6.833333333333333,0.3263784184197996,16903,2025,2
env_temperature,42,7.0,0.30592810143754445,16900,2025,2
env_temperature,43,7.166666666666667,0.2853572393911806,16901,2025,2
env_temperature,44,7.333333333333333,0.26546425698164955,16896,2025,2
env_temperature,45,7.5,0.24565838615250304,16892,2025,2
env_temperature,46,7.666666666666667,0.22585069959428142,16888,2025,2
env_temperature,47,7.833333333333333,0.20638674270112226,16883,2025,2
env_temperature,48,8.0,0.18757464530801576,16880,2025,2
env_temperature,49,8.166666666666666,0.16896429613041494,16878,2025,2
env_temperature,50,8.333333333333334,0.15092866369678695,16877,2025,2
env_temperature,51,8.5,0.13320577852421667,16876,2025,2
env_temperature,52,8.666666666666666,0.11604741166661267,16868,2025,2
env_temperature,53,8.833333333333334,0.09926719482271038,16866,2025,2
env_temperature,54,9.0,0.08294016706841731,16867,2025,2
env_temperature,55,9.166666666666666,0.06708260082104814,16862,2025,2
env_temperature,56,9.333333333333334,0.05182020859250035,16858,2025,2
env_temperature,57,9.5,0.03736859601392174,16853,2025,2
env_temperature,58,9.666666666666666,0.02364546103863529,16853,2025,2
env_temperature,59,9.833333333333334,0.010530950160369906,16850,2025,2
env_temperature,60,10.0,-0.0017156490388314186,16850,2025,2
env_temperature,61,10.166666666666666,-0.013283042625419154,16846,2025,2
env_temperature,62,10.333333333333334,-0.024095836437757652,16842,2025,2
env_temperature,63,10.5,-0.03367589290823471,16838,2025,2
env_temperature,64,10.666666666666666,-0.042697166160680554,16835,2025,2
env_temperature,65,10.833333333333334,-0.0509488104652528,16830,2025,2
env_temperature,66,11.0,-0.05801939570936304,16825,2025,2
env_temperature,67,11.166666666666666,-0.06441311410420136,16825,2025,2
env_temperature,68,11.333333333333334,-0.0693405570878496,16824,2025,2
env_temperature,69,11.5,-0.0736973765343393,16818,2025,2
env_temperature,70,11.666666666666666,-0.07701486089031262,16817,2025,2
env_temperature,71,11.833333333333334,-0.07936052269485593,16818,2025,2
env_temperature,72,12.0,-0.08041682066493482,16814,2025,2
env_temperature,73,12.166666666666666,-0.0806716461988588,16812,2025,2
env_temperature,74,12.333333333333334,-0.07967587368074482,16812,2025,2
env_temperature,75,12.5,-0.07794120879174624,16807,2025,2
env_temperature,76,12.666666666666666,-0.0748146648882788,16810,2025,2
env_temperature,77,12.833333333333334,-0.07120998111773646,16807,2025,2
env_temperature,78,13.0,-0.06624197510152913,16801,2025,2
env_temperature,79,13.166666666666666,-0.060182378997097795,16804,2025,2
env_temperature,80,13.333333333333334,-0.0533223040276862,16798,2025,2
env_temperature,81,13.5,-0.04536272662470671,16797,2025,2
env_temperature,82,13.666666666666666,-0.03649774640282922,16799,2025,2
env_temperature,83,13.833333333333334,-0.026857273354654262,16798,2025,2
env_temperature,84,14.0,-0.016657039872084684,16793,2025,2
env_temperature,85,14.166666666666666,-0.005489667890732985,16790,2025,2
env_temperature,86,14.333333333333334,0.006371403690479484,16792,2025,2
env_temperature,87,14.5,0.018974917646862315,16786,2025,2
env_temperature,88,14.666666666666666,0.03211910043131569,16792,2025,2
env_temperature,89,14.833333333333334,0.04618213254047097,16788,2025,2
env_temperature,90,15.0,0.06067452621772472,16783,2025,2
env_temperature,91,15.166666666666666,0.07572853799159412,16779,2025,2
env_temperature,92,15.333333333333334,0.09117729709505933,16780,2025,2
env_temperature,93,15.5,0.10711841513049943,16775,2025,2
env_temperature,94,15.666666666666666,0.1235146518360233,16777,2025,2
env_temperature,95,15.833333333333334,0.1402634401510277,16772,2025,2
env_temperature,96,16.0,0.15709012806505981,16768,2025,2
env_temperature,97,16.166666666666668,0.17467428329561768,16769,2025,2
env_temperature,98,16.333333333333332,0.19215757354020677,16768,2025,2
env_temperature,99,16.5,0.2101314840378992,16767,2025,2
env_temperature,100,16.666666666666668,0.22860053110057435,16766,2025,2
env_temperature,101,16.833333333333332,0.2469413705494676,16760,2025,2
env_temperature,102,17.0,0.26568671563793966,16756,2025,2
env_temperature,103,17.166666666666668,0.28444873923122266,16755,2025,2
env_temperature,104,17.333333333333332,0.3035162855481878,16754,2025,2
env_temperature,105,17.5,0.32251419201306053,16751,2025,2
env_temperature,106,17.666666666666668,0.341979373861372,16750,2025,2
env_temperature,107,17.833333333333332,0.36150609307664944,16748,2025,2
env_temperature,108,18.0,0.3812458527620072,16747,2025,2
env_temperature,109,18.166666666666668,0.4007176150694206,16744,2025,2
env_temperature,110,18.333333333333332,0.4205920987191369,16743,2025,2
env_temperature,111,18.5,0.4401373035320625,16743,2025,2
env_temperature,112,18.666666666666668,0.45998379634801123,16742,2025,2
env_temperature,113,18.833333333333332,0.4795146694878114,16739,2025,2
env_temperature,114,19.0,0.49895188769342413,16736,2025,2
env_temperature,115,19.166666666666668,0.5182331962518169,16733,2025,2
env_temperature,116,19.333333333333332,0.5372900908207243,16735,2025,2
env_temperature,117,19.5,0.5560417031585247,16731,2025,2
env_temperature,118,19.666666666666668,0.5749592855812785,16732,2025,2
env_temperature,119,19.833333333333332,0.5937469461836916,16732,2025,2
env_temperature,120,20.0,0.6120570967004539,16727,2025,2
env_temperature,121,20.166666666666668,0.6299569907398782,16727,2025,2
env_temperature,122,20.333333333333332,0.647741458349771,16724,2025,2
env_temperature,123,20.5,0.665072504972491,16724,2025,2
env_temperature,124,20.666666666666668,0.6819577574158832,16721,2025,2
env_temperature,125,20.833333333333332,0.6984624078949009,16720,2025,2
env_temperature,126,21.0,0.7144811035059541,16718,2025,2
env_temperature,127,21.166666666666668,0.7297792297235816,16716,2025,2
env_temperature,128,21.333333333333332,0.7445842873184633,16713,2025,2
env_temperature,129,21.5,0.7589370142558826,16712,2025,2
env_temperature,130,21.666666666666668,0.772593674199577,16710,2025,2
env_temperature,131,21.833333333333332,0.7856105788385179,16710,2025,2
env_temperature,132,22.0,0.7979249157771438,16707,2025,2
env_temperature,133,22.166666666666668,0.8098092413677406,16705,2025,2
env_temperature,134,22.333333333333332,0.8208918746385627,16701,2025,2
env_temperature,135,22.5,0.8312614549813943,16700,2025,2
env_temperature,136,22.666666666666668,0.8407057604455356,16696,2025,2
env_temperature,137,22.833333333333332,0.8491192637975387,16698,2025,2
env_temperature,138,23.0,0.8566880291457514,16691,2025,2
env_temperature,139,23.166666666666668,0.8632100409489172,16691,2025,2
env_temperature,140,23.333333333333332,0.8685541258873062,16692,2025,2
env_temperature,141,23.5,0.8727847660810111,16687,2025,2
env_temperature,142,23.666666666666668,0.8758147762476969,16684,2025,2
env_temperature,143,23.833333333333332,0.8777222570898274,16684,2025,2
env_temperature,144,24.0,0.8781649087057075,16684,2025,2
soil_humidity,1,0.16666666666666666,0.9968427899757472,17029,2025,2
soil_humidity,2,0.3333333333333333,0.9965637877886974,17020,2025,2
soil_humidity,3,0.5,0.9964303323786312,17013,2025,2
soil_humidity,4,0.6666666666666666,0.9963447918376735,17008,2025,2
soil_humidity,5,0.8333333333333334,0.9962323543636014,17000,2025,2
soil_humidity,6,1.0,0.9960939348749098,16993,2025,2
soil_humidity,7,1.1666666666666667,0.9960148406721108,16983,2025,2
soil_humidity,8,1.3333333333333333,0.9960005392782482,16983,2025,2
soil_humidity,9,1.5,0.9956698107081478,16972,2025,2
soil_humidity,10,1.6666666666666667,0.9954981291827188,16972,2025,2
soil_humidity,11,1.8333333333333333,0.9953553096059446,16966,2025,2
soil_humidity,12,2.0,0.9952090445684751,16956,2025,2
soil_humidity,13,2.1666666666666665,0.9950288567764433,16949,2025,2
soil_humidity,14,2.3333333333333335,0.9948046100603223,16941,2025,2
soil_humidity,15,2.5,0.9946065109510351,16935,2025,2
soil_humidity,16,2.6666666666666665,0.9944530597896776,16930,2025,2
soil_humidity,17,2.8333333333333335,0.9942621767808105,16926,2025,2
soil_humidity,18,3.0,0.994068877971412,16921,2025,2
soil_humidity,19,3.1666666666666665,0.9938118354221578,16920,2025,2
soil_humidity,20,3.3333333333333335,0.9935900010825202,16909,2025,2
soil_humidity,21,3.5,0.9934677005383917,16906,2025,2
soil_humidity,22,3.6666666666666665,0.993232209937527,16904,2025,2
soil_humidity,23,3.8333333333333335,0.9930078082704289,16896,2025,2
soil_humidity,24,4.0,0.9929137832143162,16895,2025,2
soil_humidity,25,4.166666666666667,0.9925728537017527,16894,2025,2
soil_humidity,26,4.333333333333333,0.9924648304644961,16883,2025,2
soil_humidity,27,4.5,0.9922811065567329,16880,2025,2
soil_humidity,28,4.666666666666667,0.9920695348172075,16879,2025,2
soil_humidity,29,4.833333333333333,0.9918943502478458,16872,2025,2
soil_humidity,30,5.0,0.991578043456755,16873,2025,2
soil_humidity,31,5.166666666666667,0.9914071034573697,16871,2025,2
soil_humidity,32,5.333333333333333,0.9911825879870567,16873,2025,2
soil_humidity,33,5.5,0.9908358428795133,16862,2025,2
soil_humidity,34,5.666666666666667,0.9907549284868968,16859,2025,2
soil_humidity,35,5.833333333333333,0.9905393346042968,16858,2025,2
soil_humidity,36,6.0,0.9902907523119214,16853,2025,2
soil_humidity,37,6.166666666666667,0.99013263156228,16855,2025,2
soil_humidity,38,6.333333333333333,0.989846365632024,16853,2025,2
soil_humidity,39,6.5,0.9895576307869551,16854,2025,2
soil_humidity,40,6.666666666666667,0.9893668395511652,16846,2025,2
soil_humidity,41,6.833333333333333,0.9891215866539174,16844,2025,2
soil_humidity,42,7.0,0.989007365059727,16840,2025,2
soil_humidity,43,7.166666666666667,0.9886627513587019,16841,2025,2
soil_humidity,44,7.333333333333333,0.9884776530606088,16838,2025,2
soil_humidity,45,7.5,0.9882731779992631,16833,2025,2
soil_humidity,46,7.666666666666667,0.9880115384598676,16829,2025,2
soil_humidity,47,7.833333333333333,0.987797027871585,16826,2025,2
soil_humidity,48,8.0,0.9876609834640724,16821,2025,2
soil_humidity,49,8.166666666666666,0.9872896107663551,16822,2025,2
soil_humidity,50,8.333333333333334,0.9872410575033819,16818,2025,2
soil_humidity,51,8.5,0.9869396740983044,16818,2025,2
soil_humidity,52,8.666666666666666,0.9867227595143896,16810,2025,2
soil_humidity,53,8.833333333333334,0.9865203341093719,16807,2025,2
soil_humidity,54,9.0,0.9863270317076099,16810,2025,2
soil_humidity,55,9.166666666666666,0.986124527134161,16803,2025,2
soil_humidity,56,9.333333333333334,0.9860012134088482,16802,2025,2
soil_humidity,57,9.5,0.9856654154615552,16797,2025,2
soil_humidity,58,9.666666666666666,0.9855688775228897,16794,2025,2
soil_humidity,59,9.833333333333334,0.9852830242510857,16792,2025,2
soil_humidity,60,10.0,0.9851813455930147,16792,2025,2
soil_humidity,61,10.166666666666666,0.9848053262768462,16787,2025,2
soil_humidity,62,10.333333333333334,0.9845964547351639,16783,2025,2
soil_humidity,63,10.5,0.9843532258830622,16780,2025,2
soil_humidity,64,10.666666666666666,0.9843370619768829,16777,2025,2
soil_humidity,65,10.833333333333334,0.984194624001804,16771,2025,2
soil_humidity,66,11.0,0.9840402151329877,16768,2025,2
soil_humidity,67,11.166666666666666,0.9838438050846933,16766,2025,2
soil_humidity,68,11.333333333333334,0.9835997910939153,16765,2025,2
soil_humidity,69,11.5,0.9833563861887317,16760,2025,2
soil_humidity,70,11.666666666666666,0.983094127851063,16758,2025,2
soil_humidity,71,11.833333333333334,0.9829694564926733,16759,2025,2
soil_humidity,72,12.0,0.9828347310915656,16756,2025,2
soil_humidity,73,12.166666666666666,0.9826698134155787,16754,2025,2
soil_humidity,74,12.333333333333334,0.9823642547780617,16752,2025,2
soil_humidity,75,12.5,0.9821680200085633,16747,2025,2
soil_humidity,76,12.666666666666666,0.9819696193713465,16751,2025,2
soil_humidity,77,12.833333333333334,0.9818177168531527,16748,2025,2
soil_humidity,78,13.0,0.9816424817551708,16741,2025,2
soil_humidity,79,13.166666666666666,0.9814005138403382,16744,2025,2
soil_humidity,80,13.333333333333334,0.9812140823280145,16739,2025,2
soil_humidity,81,13.5,0.9810001449487917,16738,2025,2
soil_humidity,82,13.666666666666666,0.9808959062343794,16739,2025,2
soil_humidity,83,13.833333333333334,0.9806974525040197,16738,2025,2
soil_humidity,84,14.0,0.9805122696370011,16733,2025,2
soil_humidity,85,14.166666666666666,0.9803325339930407,16732,2025,2
soil_humidity,86,14.333333333333334,0.9802097948483924,16734,2025,2
soil_humidity,87,14.5,0.9799755606105068,16729,2025,2
soil_humidity,88,14.666666666666666,0.9798128862280633,16735,2025,2
soil_humidity,89,14.833333333333334,0.979590017433247,16729,2025,2
soil_humidity,90,15.0,0.9794288703819902,16726,2025,2
soil_humidity,91,15.166666666666666,0.9793555404775031,16721,2025,2
soil_humidity,92,15.333333333333334,0.9791370738150816,16721,2025,2
soil_humidity,93,15.5,0.9789764762655464,16716,2025,2
soil_humidity,94,15.666666666666666,0.978742026537755,16718,2025,2
soil_humidity,95,15.833333333333334,0.9786280606980305,16713,2025,2
soil_humidity,96,16.0,0.9784491027660462,16709,2025,2
soil_humidity,97,16.166666666666668,0.9782181692162666,16712,2025,2
soil_humidity,98,16.333333333333332,0.9782430795487949,16710,2025,2
soil_humidity,99,16.5,0.978009094305506,16709,2025,2
soil_humidity,100,16.666666666666668,0.9777771468218811,16708,2025,2
soil_humidity,101,16.833333333333332,0.9776793846568033,16702,2025,2
soil_humidity,102,17.0,0.9774720589335532,16698,2025,2
soil_humidity,103,17.166666666666668,0.9773231853090085,16697,2025,2
soil_humidity,104,17.333333333333332,0.977190990464395,16697,2025,2
soil_humidity,105,17.5,0.9771443887805735,16694,2025,2
soil_humidity,106,17.666666666666668,0.9769856230606536,16692,2025,2
soil_humidity,107,17.833333333333332,0.9767871391622343,16692,2025,2
soil_humidity,108,18.0,0.9764967958868946,16691,2025,2
soil_humidity,109,18.166666666666668,0.976407735052946,16688,2025,2
soil_humidity,110,18.333333333333332,0.9761577092191881,16687,2025,2
soil_humidity,111,18.5,0.9758945297605366,16686,2025,2
soil_humidity,112,18.666666666666668,0.9757511350892124,16685,2025,2
soil_humidity,113,18.833333333333332,0.9757402474636412,16681,2025,2
soil_humidity,114,19.0,0.9756369912951042,16678,2025,2
soil_humidity,115,19.166666666666668,0.9754213031739278,16675,2025,2
soil_humidity,116,19.333333333333332,0.9752767110392075,16677,2025,2
soil_humidity,117,19.5,0.9751200090030687,16673,2025,2
soil_humidity,118,19.666666666666668,0.9749211181498509,16676,2025,2
soil_humidity,119,19.833333333333332,0.9748077018012659,16674,2025,2
soil_humidity,120,20.0,0.9745087535717697,16669,2025,2
soil_humidity,121,20.166666666666668,0.9744691553167601,16669,2025,2
soil_humidity,122,20.333333333333332,0.974381083621162,16667,2025,2
soil_humidity,123,20.5,0.974185929798139,16666,2025,2
soil_humidity,124,20.666666666666668,0.9739564070329203,16664,2025,2
soil_humidity,125,20.833333333333332,0.9738765940377111,16663,2025,2
soil_humidity,126,21.0,0.9737443367265098,16661,2025,2
soil_humidity,127,21.166666666666668,0.9735186919494146,16657,2025,2
soil_humidity,128,21.333333333333332,0.9733778545395259,16654,2025,2
soil_humidity,129,21.5,0.9731247090350094,16655,2025,2
soil_humidity,130,21.666666666666668,0.9729981766396606,16653,2025,2
soil_humidity,131,21.833333333333332,0.97288753987014,16652,2025,2
soil_humidity,132,22.0,0.9726650432588987,16651,2025,2
soil_humidity,133,22.166666666666668,0.9725812280187244,16647,2025,2
soil_humidity,134,22.333333333333332,0.9724544134196679,16643,2025,2
soil_humidity,135,22.5,0.9724034577018388,16642,2025,2
soil_humidity,136,22.666666666666668,0.97221757822218,16641,2025,2
soil_humidity,137,22.833333333333332,0.9721501275441037,16641,2025,2
soil_humidity,138,23.0,0.9717718103932762,16634,2025,2
soil_humidity,139,23.166666666666668,0.9717247435246578,16634,2025,2
soil_humidity,140,23.333333333333332,0.9714287974444189,16634,2025,2
soil_humidity,141,23.5,0.9713542811115444,16629,2025,2
soil_humidity,142,23.666666666666668,0.9712236792351231,16627,2025,2
soil_humidity,143,23.833333333333332,0.9711665161670018,16626,2025,2
soil_humidity,144,24.0,0.9709554598443577,16627,2025,2
env_temperature,1,0.16666666666666666,0.9977950141785863,17085,2025,5
env_temperature,2,0.3333333333333333,0.9935165062709643,17079,2025,5
env_temperature,3,0.5,0.9878570487873228,17071,2025,5
env_temperature,4,0.6666666666666666,0.9808871422288448,17064,2025,5
env_temperature,5,0.8333333333333334,0.972768409480203,17057,2025,5
env_temperature,6,1.0,0.9635359329725512,17051,2025,5
env_temperature,7,1.1666666666666667,0.9533148124638223,17044,2025,5
env_temperature,8,1.3333333333333333,0.9421206537246714,17042,2025,5
env_temperature,9,1.5,0.9300375908643044,17033,2025,5
env_temperature,10,1.6666666666666667,0.9173183379184626,17032,2025,5
env_temperature,11,1.8333333333333333,0.9038864953988199,17024,2025,5
env_temperature,12,2.0,0.8896524309174821,17017,2025,5
env_temperature,13,2.1666666666666665,0.8747598411015559,17008,2025,5
env_temperature,14,2.3333333333333335,0.8593466665993401,17001,2025,5
env_temperature,15,2.5,0.8433812726260931,16996,2025,5
env_temperature,16,2.6666666666666665,0.8268432533387728,16990,2025,5
env_temperature,17,2.8333333333333335,0.8099429660075192,16984,2025,5
env_temperature,18,3.0,0.7925213353595808,16979,2025,5
env_temperature,19,3.1666666666666665,0.7746744363577787,16976,2025,5
env_temperature,20,3.3333333333333335,0.7561370258067203,16967,2025,5
env_temperature,21,3.5,0.737328203438278,16964,2025,5
env_temperature,22,3.6666666666666665,0.7182571505499401,16961,2025,5
env_temperature,23,3.8333333333333335,0.6989732130050462,16955,2025,5
env_temperature,24,4.0,0.6794087262332507,16953,2025,5
env_temperature,25,4.166666666666667,0.6595763659951678,16953,2025,5
env_temperature,26,4.333333333333333,0.639507669483081,16941,2025,5
env_temperature,27,4.5,0.6192307058093334,16939,2025,5
env_temperature,28,4.666666666666667,0.5987769765325482,16938,2025,5
env_temperature,29,4.833333333333333,0.5783838846277762,16930,2025,5
env_temperature,30,5.0,0.5577050424028428,16931,2025,5
env_temperature,31,5.166666666666667,0.5370197720873104,16929,2025,5
env_temperature,32,5.333333333333333,0.5160727680674664,16931,2025,5
env_temperature,33,5.5,0.49508210771456057,16921,2025,5
env_temperature,34,5.666666666666667,0.47391705960666836,16919,2025,5
env_temperature,35,5.833333333333333,0.4526797505677152,16918,2025,5
env_temperature,36,6.0,0.43128840472314434,16913,2025,5
env_temperature,37,6.166666666666667,0.4099647688416066,16915,2025,5
env_temperature,38,6.333333333333333,0.3887133837915283,16911,2025,5
env_temperature,39,6.5,0.3678370400979727,16914,2025,5
env_temperature,40,6.666666666666667,0.34691614297415285,16906,2025,5
env_temperature,41,6.833333333333333,0.3263784184197996,16903,2025,5
env_temperature,42,7.0,0.30592810143754445,16900,2025,5
env_temperature,43,7.166666666666667,0.2853572393911806,16901,2025,5
env_temperature,44,7.333333333333333,0.26546425698164955,16896,2025,5
env_temperature,45,7.5,0.24565838615250304,16892,2025,5
env_temperature,46,7.666666666666667,0.22585069959428142,16888,2025,5
env_temperature,47,7.833333333333333,0.20638674270112226,16883,2025,5
env_temperature,48,8.0,0.18757464530801576,16880,2025,5
env_temperature,49,8.166666666666666,0.16896429613041494,16878,2025,5
env_temperature,50,8.333333333333334,0.15092866369678695,16877,2025,5
env_temperature,51,8.5,0.13320577852421667,16876,2025,5
env_temperature,52,8.666666666666666,0.11604741166661267,16868,2025,5
env_temperature,53,8.833333333333334,0.09926719482271038,16866,2025,5
env_temperature,54,9.0,0.08294016706841731,16867,2025,5
env_temperature,55,9.166666666666666,0.06708260082104814,16862,2025,5
env_temperature,56,9.333333333333334,0.05182020859250035,16858,2025,5
env_temperature,57,9.5,0.03736859601392174,16853,2025,5
env_temperature,58,9.666666666666666,0.02364546103863529,16853,2025,5
env_temperature,59,9.833333333333334,0.010530950160369906,16850,2025,5
env_temperature,60,10.0,-0.0017156490388314186,16850,2025,5
env_temperature,61,10.166666666666666,-0.013283042625419154,16846,2025,5
env_temperature,62,10.333333333333334,-0.024095836437757652,16842,2025,5
env_temperature,63,10.5,-0.03367589290823471,16838,2025,5
env_temperature,64,10.666666666666666,-0.042697166160680554,16835,2025,5
env_temperature,65,10.833333333333334,-0.0509488104652528,16830,2025,5
env_temperature,66,11.0,-0.05801939570936304,16825,2025,5
env_temperature,67,11.166666666666666,-0.06441311410420136,16825,2025,5
env_temperature,68,11.333333333333334,-0.0693405570878496,16824,2025,5
env_temperature,69,11.5,-0.0736973765343393,16818,2025,5
env_temperature,70,11.666666666666666,-0.07701486089031262,16817,2025,5
env_temperature,71,11.833333333333334,-0.07936052269485593,16818,2025,5
env_temperature,72,12.0,-0.08041682066493482,16814,2025,5
env_temperature,73,12.166666666666666,-0.0806716461988588,16812,2025,5
env_temperature,74,12.333333333333334,-0.07967587368074482,16812,2025,5
env_temperature,75,12.5,-0.07794120879174624,16807,2025,5
env_temperature,76,12.666666666666666,-0.0748146648882788,16810,2025,5
env_temperature,77,12.833333333333334,-0.07120998111773646,16807,2025,5
env_temperature,78,13.0,-0.06624197510152913,16801,2025,5
env_temperature,79,13.166666666666666,-0.060182378997097795,16804,2025,5
env_temperature,80,13.333333333333334,-0.0533223040276862,16798,2025,5
env_temperature,81,13.5,-0.04536272662470671,16797,2025,5
env_temperature,82,13.666666666666666,-0.03649774640282922,16799,2025,5
env_temperature,83,13.833333333333334,-0.026857273354654262,16798,2025,5
env_temperature,84,14.0,-0.016657039872084684,16793,2025,5
env_temperature,85,14.166666666666666,-0.005489667890732985,16790,2025,5
env_temperature,86,14.333333333333334,0.006371403690479484,16792,2025,5
env_temperature,87,14.5,0.018974917646862315,16786,2025,5
env_temperature,88,14.666666666666666,0.03211910043131569,16792,2025,5
env_temperature,89,14.833333333333334,0.04618213254047097,16788,2025,5
env_temperature,90,15.0,0.06067452621772472,16783,2025,5
env_temperature,91,15.166666666666666,0.07572853799159412,16779,2025,5
env_temperature,92,15.333333333333334,0.09117729709505933,16780,2025,5
env_temperature,93,15.5,0.10711841513049943,16775,2025,5
env_temperature,94,15.666666666666666,0.1235146518360233,16777,2025,5
env_temperature,95,15.833333333333334,0.1402634401510277,16772,2025,5
env_temperature,96,16.0,0.15709012806505981,16768,2025,5
env_temperature,97,16.166666666666668,0.17467428329561768,16769,2025,5
env_temperature,98,16.333333333333332,0.19215757354020677,16768,2025,5
env_temperature,99,16.5,0.2101314840378992,16767,2025,5
env_temperature,100,16.666666666666668,0.22860053110057435,16766,2025,5
env_temperature,101,16.833333333333332,0.2469413705494676,16760,2025,5
env_temperature,102,17.0,0.26568671563793966,16756,2025,5
env_temperature,103,17.166666666666668,0.28444873923122266,16755,2025,5
env_temperature,104,17.333333333333332,0.3035162855481878,16754,2025,5
env_temperature,105,17.5,0.32251419201306053,16751,2025,5
env_temperature,106,17.666666666666668,0.341979373861372,16750,2025,5
env_temperature,107,17.833333333333332,0.36150609307664944,16748,2025,5
env_temperature,108,18.0,0.3812458527620072,16747,2025,5
env_temperature,109,18.166666666666668,0.4007176150694206,16744,2025,5
env_temperature,110,18.333333333333332,0.4205920987191369,16743,2025,5
env_temperature,111,18.5,0.4401373035320625,16743,2025,5
env_temperature,112,18.666666666666668,0.45998379634801123,16742,2025,5
env_temperature,113,18.833333333333332,0.4795146694878114,16739,2025,5
env_temperature,114,19.0,0.49895188769342413,16736,2025,5
env_temperature,115,19.166666666666668,0.5182331962518169,16733,2025,5
env_temperature,116,19.333333333333332,0.5372900908207243,16735,2025,5
env_temperature,117,19.5,0.5560417031585247,16731,2025,5
env_temperature,118,19.666666666666668,0.5749592855812785,16732,2025,5
env_temperature,119,19.833333333333332,0.5937469461836916,16732,2025,5
env_temperature,120,20.0,0.6120570967004539,16727,2025,5
env_temperature,121,20.166666666666668,0.6299569907398782,16727,2025,5
env_temperature,122,20.333333333333332,0.647741458349771,16724,2025,5
env_temperature,123,20.5,0.665072504972491,16724,2025,5
env_temperature,124,20.666666666666668,0.6819577574158832,16721,2025,5
env_temperature,125,20.833333333333332,0.6984624078949009,16720,2025,5
env_temperature,126,21.0,0.7144811035059541,16718,2025,5
env_temperature,127,21.166666666666668,0.7297792297235816,16716,2025,5
env_temperature,128,21.333333333333332,0.7445842873184633,16713,2025,5
env_temperature,129,21.5,0.7589370142558826,16712,2025,5
env_temperature,130,21.666666666666668,0.772593674199577,16710,2025,5
env_temperature,131,21.833333333333332,0.7856105788385179,16710,2025,5
env_temperature,132,22.0,0.7979249157771438,16707,2025,5
env_temperature,133,22.166666666666668,0.8098092413677406,16705,2025,5
env_temperature,134,22.333333333333332,0.8208918746385627,16701,2025,5
env_temperature,135,22.5,0.8312614549813943,16700,2025,5
env_temperature,136,22.666666666666668,0.8407057604455356,16696,2025,5
env_temperature,137,22.833333333333332,0.8491192637975387,16698,2025,5
env_temperature,138,23.0,0.8566880291457514,16691,2025,5
env_temperature,139,23.166666666666668,0.8632100409489172,16691,2025,5
env_temperature,140,23.333333333333332,0.8685541258873062,16692,2025,5
env_temperature,141,23.5,0.8727847660810111,16687,2025,5
env_temperature,142,23.666666666666668,0.8758147762476969,16684,2025,5
env_temperature,143,23.833333333333332,0.8777222570898274,16684,2025,5
env_temperature,144,24.0,0.8781649087057075,16684,2025,5
soil_humidity,1,0.16666666666666666,0.9988169090060527,16865,2025,5
soil_humidity,2,0.3333333333333333,0.9986073210946779,16855,2025,5
soil_humidity,3,0.5,0.9984621533140235,16849,2025,5
soil_humidity,4,0.6666666666666666,0.9982057321077251,16843,2025,5
soil_humidity,5,0.8333333333333334,0.9980110106518226,16834,2025,5
soil_humidity,6,1.0,0.9978260284328039,16825,2025,5
soil_humidity,7,1.1666666666666667,0.9974931220577739,16824,2025,5
soil_humidity,8,1.3333333333333333,0.9972061435478929,16818,2025,5
soil_humidity,9,1.5,0.9968838971544519,16809,2025,5
soil_humidity,10,1.6666666666666667,0.9965945830671536,16812,2025,5
soil_humidity,11,1.8333333333333333,0.9962721047861778,16804,2025,5
soil_humidity,12,2.0,0.995903921434529,16795,2025,5
soil_humidity,13,2.1666666666666665,0.9955999715205928,16783,2025,5
soil_humidity,14,2.3333333333333335,0.9952274224815669,16777,2025,5
soil_humidity,15,2.5,0.9948473531102006,16775,2025,5
soil_humidity,16,2.6666666666666665,0.9945976880777103,16766,2025,5
soil_humidity,17,2.8333333333333335,0.9941844713156527,16759,2025,5
soil_humidity,18,3.0,0.9938588807567273,16759,2025,5
soil_humidity,19,3.1666666666666665,0.9935619775960545,16759,2025,5
soil_humidity,20,3.3333333333333335,0.9931669719931981,16747,2025,5
soil_humidity,21,3.5,0.9928302467337229,16737,2025,5
soil_humidity,22,3.6666666666666665,0.9924640701719922,16740,2025,5
soil_humidity,23,3.8333333333333335,0.9921159643480458,16737,2025,5
soil_humidity,24,4.0,0.9917600338160769,16731,2025,5
soil_humidity,25,4.166666666666667,0.9914012608098413,16732,2025,5
soil_humidity,26,4.333333333333333,0.9910069226441277,16718,2025,5
soil_humidity,27,4.5,0.9906726820391797,16718,2025,5
soil_humidity,28,4.666666666666667,0.9903029122410298,16716,2025,5
soil_humidity,29,4.833333333333333,0.9899416043582305,16709,2025,5
soil_humidity,30,5.0,0.9895927417563631,16708,2025,5
soil_humidity,31,5.166666666666667,0.9892139101046971,16710,2025,5
soil_humidity,32,5.333333333333333,0.9888109053000331,16706,2025,5
soil_humidity,33,5.5,0.9884219236655506,16701,2025,5
soil_humidity,34,5.666666666666667,0.988012200618541,16694,2025,5
soil_humidity,35,5.833333333333333,0.9877074564732587,16695,2025,5
soil_humidity,36,6.0,0.9873749357619662,16688,2025,5
soil_humidity,37,6.166666666666667,0.9869693379696108,16690,2025,5
soil_humidity,38,6.333333333333333,0.9865817882578818,16692,2025,5
soil_humidity,39,6.5,0.986288822134751,16689,2025,5
soil_humidity,40,6.666666666666667,0.9859202851699228,16686,2025,5
soil_humidity,41,6.833333333333333,0.985439100478079,16686,2025,5
soil_humidity,42,7.0,0.985138909666726,16678,2025,5
soil_humidity,43,7.166666666666667,0.9846404705252133,16677,2025,5
soil_humidity,44,7.333333333333333,0.9842329547229793,16673,2025,5
soil_humidity,45,7.5,0.9839706045207622,16669,2025,5
soil_humidity,46,7.666666666666667,0.9835461309658683,16663,2025,5
soil_humidity,47,7.833333333333333,0.9831817506828652,16659,2025,5
soil_humidity,48,8.0,0.9828045804457116,16658,2025,5
soil_humidity,49,8.166666666666666,0.9824011389877226,16657,2025,5
soil_humidity,50,8.333333333333334,0.9820281493792441,16655,2025,5
soil_humidity,51,8.5,0.9816549451934681,16655,2025,5
soil_humidity,52,8.666666666666666,0.9812572276989302,16643,2025,5
soil_humidity,53,8.833333333333334,0.9808578454335349,16641,2025,5
soil_humidity,54,9.0,0.9805175807664049,16642,2025,5
soil_humidity,55,9.166666666666666,0.9801057481767258,16636,2025,5
soil_humidity,56,9.333333333333334,0.9797193036935353,16634,2025,5
soil_humidity,57,9.5,0.9794494596401505,16631,2025,5
soil_humidity,58,9.666666666666666,0.9791205170812366,16633,2025,5
soil_humidity,59,9.833333333333334,0.9786587496680527,16631,2025,5
soil_humidity,60,10.0,0.9783492538927414,16632,2025,5
soil_humidity,61,10.166666666666666,0.9779180094551672,16624,2025,5
soil_humidity,62,10.333333333333334,0.977561182172407,16620,2025,5
soil_humidity,63,10.5,0.9773611322358929,16615,2025,5
soil_humidity,64,10.666666666666666,0.9770773798346781,16610,2025,5
soil_humidity,65,10.833333333333334,0.9767325636681695,16609,2025,5
soil_humidity,66,11.0,0.9763933841040717,16603,2025,5
soil_humidity,67,11.166666666666666,0.9760510035562926,16602,2025,5
soil_humidity,68,11.333333333333334,0.9757336978782861,16601,2025,5
soil_humidity,69,11.5,0.9754658594172992,16599,2025,5
soil_humidity,70,11.666666666666666,0.9751072128715753,16601,2025,5
soil_humidity,71,11.833333333333334,0.9747775595230287,16596,2025,5
soil_humidity,72,12.0,0.9744734262377669,16590,2025,5
soil_humidity,73,12.166666666666666,0.9741686661154606,16590,2025,5
soil_humidity,74,12.333333333333334,0.9738425084488889,16590,2025,5
soil_humidity,75,12.5,0.9735527704543675,16585,2025,5
soil_humidity,76,12.666666666666666,0.9732918920518445,16587,2025,5
soil_humidity,77,12.833333333333334,0.9729945567918894,16588,2025,5
soil_humidity,78,13.0,0.9726969982913944,16579,2025,5
soil_humidity,79,13.166666666666666,0.9724669755458901,16582,2025,5
soil_humidity,80,13.333333333333334,0.9721755598936263,16579,2025,5
soil_humidity,81,13.5,0.9719083162951473,16575,2025,5
soil_humidity,82,13.666666666666666,0.9716202676950453,16575,2025,5
soil_humidity,83,13.833333333333334,0.9713624062287467,16578,2025,5
soil_humidity,84,14.0,0.9710428672166201,16574,2025,5
soil_humidity,85,14.166666666666666,0.9708011057166743,16568,2025,5
soil_humidity,86,14.333333333333334,0.9705241951341109,16569,2025,5
soil_humidity,87,14.5,0.9702664258812119,16567,2025,5
soil_humidity,88,14.666666666666666,0.9699753551765511,16569,2025,5
soil_humidity,89,14.833333333333334,0.9697539464377802,16565,2025,5
soil_humidity,90,15.0,0.9695433264264816,16560,2025,5
soil_humidity,91,15.166666666666666,0.9692627112147558,16558,2025,5
soil_humidity,92,15.333333333333334,0.9690266487378485,16557,2025,5
soil_humidity,93,15.5,0.968798153784781,16556,2025,5
soil_humidity,94,15.666666666666666,0.9685064962797756,16556,2025,5
soil_humidity,95,15.833333333333334,0.9683684146593036,16549,2025,5
soil_humidity,96,16.0,0.9681467864520961,16543,2025,5
soil_humidity,97,16.166666666666668,0.9679037691537312,16549,2025,5
soil_humidity,98,16.333333333333332,0.9676657259283543,16544,2025,5
soil_humidity,99,16.5,0.9674607979804544,16547,2025,5
soil_humidity,100,16.666666666666668,0.9672685558330022,16544,2025,5
soil_humidity,101,16.833333333333332,0.9670942913741514,16543,2025,5
soil_humidity,102,17.0,0.966746690318524,16533,2025,5
soil_humidity,103,17.166666666666668,0.9666450859069259,16535,2025,5
soil_humidity,104,17.333333333333332,0.9664379366271129,16531,2025,5
soil_humidity,105,17.5,0.9663046483067921,16530,2025,5
soil_humidity,106,17.666666666666668,0.9662227857545229,16528,2025,5
soil_humidity,107,17.833333333333332,0.9659331582349469,16528,2025,5
soil_humidity,108,18.0,0.9657546060169386,16529,2025,5
soil_humidity,109,18.166666666666668,0.96561101054324,16528,2025,5
soil_humidity,110,18.333333333333332,0.9652832864287358,16523,2025,5
soil_humidity,111,18.5,0.9653082370463664,16531,2025,5
soil_humidity,112,18.666666666666668,0.9651919700043453,16526,2025,5
soil_humidity,113,18.833333333333332,0.9649967345620805,16519,2025,5
soil_humidity,114,19.0,0.964884015515505,16521,2025,5
soil_humidity,115,19.166666666666668,0.9646556683178806,16511,2025,5
soil_humidity,116,19.333333333333332,0.9644731808245197,16515,2025,5
soil_humidity,117,19.5,0.9642907925001356,16509,2025,5
soil_humidity,118,19.666666666666668,0.9641796106829512,16516,2025,5
soil_humidity,119,19.833333333333332,0.9639511565517109,16508,2025,5
soil_humidity,120,20.0,0.9637520468916345,16509,2025,5
soil_humidity,121,20.166666666666668,0.9635939843231993,16507,2025,5
soil_humidity,122,20.333333333333332,0.963399871899522,16499,2025,5
soil_humidity,123,20.5,0.9632466962105307,16502,2025,5
soil_humidity,124,20.666666666666668,0.9631038572822321,16504,2025,5
soil_humidity,125,20.833333333333332,0.96297926204826,16497,2025,5
soil_humidity,126,21.0,0.9627454359945806,16498,2025,5
soil_humidity,127,21.166666666666668,0.962553777579473,16495,2025,5
soil_humidity,128,21.333333333333332,0.9623267280249589,16492,2025,5
soil_humidity,129,21.5,0.9621872045043707,16491,2025,5
soil_humidity,130,21.666666666666668,0.962011687934407,16490,2025,5
soil_humidity,131,21.833333333333332,0.961830311442306,16490,2025,5
soil_humidity,132,22.0,0.9616207802871215,16489,2025,5
soil_humidity,133,22.166666666666668,0.9614656230780719,16488,2025,5
soil_humidity,134,22.333333333333332,0.9612675683544366,16480,2025,5
soil_humidity,135,22.5,0.9611281195040086,16481,2025,5
soil_humidity,136,22.666666666666668,0.9610085735936887,16473,2025,5
soil_humidity,137,22.833333333333332,0.9608134880445074,16480,2025,5
soil_humidity,138,23.0,0.9605674373748602,16473,2025,5
soil_humidity,139,23.166666666666668,0.9604309152517898,16471,2025,5
soil_humidity,140,23.333333333333332,0.9602366577813325,16477,2025,5
soil_humidity,141,23.5,0.9599796405777928,16467,2025,5
soil_humidity,142,23.666666666666668,0.9598820284638133,16467,2025,5
soil_humidity,143,23.833333333333332,0.9596725760441186,16466,2025,5
soil_humidity,144,24.0,0.9595873135872524,16462,2025,5
env_temperature,1,0.16666666666666666,0.997049587005849,10918,2023,1
env_temperature,2,0.3333333333333333,0.9908920475040088,10916,2023,1
env_temperature,3,0.5,0.9824910559478407,10915,2023,1
env_temperature,4,0.6666666666666666,0.9720756831288384,10914,2023,1
env_temperature,5,0.8333333333333334,0.959781971117252,10914,2023,1
env_temperature,6,1.0,0.9456821576575798,10914,2023,1
env_temperature,7,1.1666666666666667,0.9297561367145916,10912,2023,1
env_temperature,8,1.3333333333333333,0.9123446951670491,10910,2023,1
env_temperature,9,1.5,0.8936242110824028,10909,2023,1
env_temperature,10,1.6666666666666667,0.8736046871105936,10908,2023,1
env_temperature,11,1.8333333333333333,0.8523742691487053,10907,2023,1
env_temperature,12,2.0,0.8300746396417319,10907,2023,1
env_temperature,13,2.1666666666666665,0.8066394022217012,10905,2023,1
env_temperature,14,2.3333333333333335,0.7823635686691144,10906,2023,1
env_temperature,15,2.5,0.7571093414828376,10903,2023,1
env_temperature,16,2.6666666666666665,0.7312758235644932,10902,2023,1
env_temperature,17,2.8333333333333335,0.704871016996052,10902,2023,1
env_temperature,18,3.0,0.6779674181316064,10900,2023,1
env_temperature,19,3.1666666666666665,0.6504956690799442,10899,2023,1
env_temperature,20,3.3333333333333335,0.6226815475341655,10898,2023,1
env_temperature,21,3.5,0.5946158835124051,10897,2023,1
env_temperature,22,3.6666666666666665,0.5663171244173224,10897,2023,1
env_temperature,23,3.8333333333333335,0.5377172603612567,10896,2023,1
env_temperature,24,4.0,0.508757586539396,10894,2023,1
env_temperature,25,4.166666666666667,0.4797254392257627,10893,2023,1
env_temperature,26,4.333333333333333,0.4506429438255865,10892,2023,1
env_temperature,27,4.5,0.42153358296829635,10891,2023,1
env_temperature,28,4.666666666666667,0.3922743217069052,10890,2023,1
env_temperature,29,4.833333333333333,0.3628418672673217,10891,2023,1
env_temperature,30,5.0,0.33354397847410705,10888,2023,1
env_temperature,31,5.166666666666667,0.304229922684736,10887,2023,1
env_temperature,32,5.333333333333333,0.2750702469034888,10886,2023,1
env_temperature,33,5.5,0.24592836133343576,10885,2023,1
env_temperature,34,5.666666666666667,0.21693604056158394,10884,2023,1
env_temperature,35,5.833333333333333,0.18797592146654185,10883,2023,1
env_temperature,36,6.0,0.15910449483340425,10882,2023,1
env_temperature,37,6.166666666666667,0.1301915844607207,10881,2023,1
env_temperature,38,6.333333333333333,0.10150787372437459,10880,2023,1
env_temperature,39,6.5,0.07300838612351254,10879,2023,1
env_temperature,40,6.666666666666667,0.04458979720567623,10878,2023,1
env_temperature,41,6.833333333333333,0.01607457602091477,10878,2023,1
env_temperature,42,7.0,-0.012155038821386351,10877,2023,1
env_temperature,43,7.166666666666667,-0.04030768449535389,10876,2023,1
env_temperature,44,7.333333333333333,-0.0681426464394855,10875,2023,1
env_temperature,45,7.5,-0.0958039084684274,10874,2023,1
env_temperature,46,7.666666666666667,-0.12317751192827837,10873,2023,1
env_temperature,47,7.833333333333333,-0.15028486288959528,10872,2023,1
env_temperature,48,8.0,-0.17715159728963698,10871,2023,1
env_temperature,49,8.166666666666666,-0.20369292200608116,10870,2023,1
env_temperature,50,8.333333333333334,-0.2299692796862115,10870,2023,1
env_temperature,51,8.5,-0.2557905284063113,10868,2023,1
env_temperature,52,8.666666666666666,-0.28120720376750846,10867,2023,1
env_temperature,53,8.833333333333334,-0.3061046007860708,10867,2023,1
env_temperature,54,9.0,-0.3303135486566843,10866,2023,1
env_temperature,55,9.166666666666666,-0.3539886280121364,10865,2023,1
env_temperature,56,9.333333333333334,-0.37709182487726184,10864,2023,1
env_temperature,57,9.5,-0.39942531757695277,10863,2023,1
env_temperature,58,9.666666666666666,-0.4208313316680157,10862,2023,1
env_temperature,59,9.833333333333334,-0.4414390227201661,10861,2023,1
env_temperature,60,10.0,-0.46095080592089605,10860,2023,1
env_temperature,61,10.166666666666666,-0.47925781989848953,10859,2023,1
env_temperature,62,10.333333333333334,-0.49641010426007165,10858,2023,1
env_temperature,63,10.5,-0.5123081838575854,10857,2023,1
env_temperature,64,10.666666666666666,-0.5268560486725005,10856,2023,1
env_temperature,65,10.833333333333334,-0.5400512673139,10855,2023,1
env_temperature,66,11.0,-0.5517267275812663,10854,2023,1
env_temperature,67,11.166666666666666,-0.5618270944374842,10853,2023,1
env_temperature,68,11.333333333333334,-0.5702520034999033,10852,2023,1
env_temperature,69,11.5,-0.5769286491043198,10851,2023,1
env_temperature,70,11.666666666666666,-0.5818578896920001,10851,2023,1
env_temperature,71,11.833333333333334,-0.585042732892983,10849,2023,1
env_temperature,72,12.0,-0.5862455413912377,10848,2023,1
env_temperature,73,12.166666666666666,-0.5855006714626886,10847,2023,1
env_temperature,74,12.333333333333334,-0.5829045968626518,10846,2023,1
env_temperature,75,12.5,-0.578412491262417,10845,2023,1
env_temperature,76,12.666666666666666,-0.5721013924651743,10844,2023,1
env_temperature,77,12.833333333333334,-0.5641895706180183,10843,2023,1
env_temperature,78,13.0,-0.5545839003132986,10842,2023,1
env_temperature,79,13.166666666666666,-0.5434853442198017,10841,2023,1
env_temperature,80,13.333333333333334,-0.5309371127180058,10840,2023,1
env_temperature,81,13.5,-0.5169896608683184,10839,2023,1
env_temperature,82,13.666666666666666,-0.5016833769770381,10838,2023,1
env_temperature,83,13.833333333333334,-0.48516357189422143,10837,2023,1
env_temperature,84,14.0,-0.4676038089349519,10837,2023,1
env_temperature,85,14.166666666666666,-0.44862781190930673,10835,2023,1
env_temperature,86,14.333333333333334,-0.42865520452834976,10836,2023,1
env_temperature,87,14.5,-0.40770456082750584,10833,2023,1
env_temperature,88,14.666666666666666,-0.3860038510446081,10833,2023,1
env_temperature,89,14.833333333333334,-0.3634226753798284,10831,2023,1
env_temperature,90,15.0,-0.3402960091157116,10830,2023,1
env_temperature,91,15.166666666666666,-0.3166479998449731,10830,2023,1
env_temperature,92,15.333333333333334,-0.29239219668082705,10829,2023,1
env_temperature,93,15.5,-0.2677474308614161,10828,2023,1
env_temperature,94,15.666666666666666,-0.2427064246762723,10827,2023,1
env_temperature,95,15.833333333333334,-0.21718617949727698,10826,2023,1
env_temperature,96,16.0,-0.19132601303669575,10825,2023,1
env_temperature,97,16.166666666666668,-0.16524517827592292,10824,2023,1
env_temperature,98,16.333333333333332,-0.1389618659898117,10823,2023,1
env_temperature,99,16.5,-0.11258811659881704,10822,2023,1
env_temperature,100,16.666666666666668,-0.08602027348037893,10821,2023,1
env_temperature,101,16.833333333333332,-0.05918474849617575,10820,2023,1
env_temperature,102,17.0,-0.03219311866024507,10819,2023,1
env_temperature,103,17.166666666666668,-0.0051912847512437825,10818,2023,1
env_temperature,104,17.333333333333332,0.021961299567825693,10817,2023,1
env_temperature,105,17.5,0.049163534205679274,10816,2023,1
env_temperature,106,17.666666666666668,0.07648767960640361,10815,2023,1
env_temperature,107,17.833333333333332,0.10396090252974483,10814,2023,1
env_temperature,108,18.0,0.1315751711256894,10813,2023,1
env_temperature,109,18.166666666666668,0.15928059825520008,10812,2023,1
env_temperature,110,18.333333333333332,0.18713407527093398,10811,2023,1
env_temperature,111,18.5,0.21491781540275326,10810,2023,1
env_temperature,112,18.666666666666668,0.24276586939871922,10809,2023,1
env_temperature,113,18.833333333333332,0.2707931900016194,10808,2023,1
env_temperature,114,19.0,0.29882003112698863,10807,2023,1
env_temperature,115,19.166666666666668,0.3265605317071612,10807,2023,1
env_temperature,116,19.333333333333332,0.35467829799627887,10805,2023,1
env_temperature,117,19.5,0.3826243542731754,10804,2023,1
env_temperature,118,19.666666666666668,0.41049691547231704,10803,2023,1
env_temperature,119,19.833333333333332,0.4382549484364684,10802,2023,1
env_temperature,120,20.0,0.46579409414849565,10801,2023,1
env_temperature,121,20.166666666666668,0.4932105474024962,10800,2023,1
env_temperature,122,20.333333333333332,0.5202664605520572,10799,2023,1
env_temperature,123,20.5,0.5471765056237521,10798,2023,1
env_temperature,124,20.666666666666668,0.5736912696000185,10797,2023,1
env_temperature,125,20.833333333333332,0.5996931893250804,10796,2023,1
env_temperature,126,21.0,0.6251053777499914,10795,2023,1
env_temperature,127,21.166666666666668,0.6498512634879537,10794,2023,1
env_temperature,128,21.333333333333332,0.6739494453898641,10793,2023,1
env_temperature,129,21.5,0.697432911390834,10792,2023,1
env_temperature,130,21.666666666666668,0.7201384431026411,10791,2023,1
env_temperature,131,21.833333333333332,0.7419966514969869,10789,2023,1
env_temperature,132,22.0,0.7628423629795432,10789,2023,1
env_temperature,133,22.166666666666668,0.7825290921068748,10788,2023,1
env_temperature,134,22.333333333333332,0.8010249499716071,10787,2023,1
env_temperature,135,22.5,0.8182810212931699,10786,2023,1
env_temperature,136,22.666666666666668,0.8341557366661858,10785,2023,1
env_temperature,137,22.833333333333332,0.8485173942600683,10784,2023,1
env_temperature,138,23.0,0.861165367679699,10783,2023,1
env_temperature,139,23.166666666666668,0.8721078486593713,10782,2023,1
env_temperature,140,23.333333333333332,0.8812359418579157,10781,2023,1
env_temperature,141,23.5,0.8883942340928019,10780,2023,1
env_temperature,142,23.666666666666668,0.8935470370134203,10779,2023,1
env_temperature,143,23.833333333333332,0.8965581566392375,10778,2023,1
env_temperature,144,24.0,0.8973011727978473,10778,2023,1
soil_humidity,1,0.16666666666666666,0.9940385319919731,10677,2023,1
soil_humidity,2,0.3333333333333333,0.9897768465404699,10673,2023,1
soil_humidity,3,0.5,0.9842181402502279,10676,2023,1
soil_humidity,4,0.6666666666666666,0.977575197450025,10675,2023,1
soil_humidity,5,0.8333333333333334,0.9703542509653862,10673,2023,1
soil_humidity,6,1.0,0.9647944817542282,10674,2023,1
soil_humidity,7,1.1666666666666667,0.9550202748606507,10672,2023,1
soil_humidity,8,1.3333333333333333,0.9464100087039972,10666,2023,1
soil_humidity,9,1.5,0.9375478887313599,10665,2023,1
soil_humidity,10,1.6666666666666667,0.9285832269816288,10672,2023,1
soil_humidity,11,1.8333333333333333,0.9192151607798281,10669,2023,1
soil_humidity,12,2.0,0.9096865715016866,10672,2023,1
soil_humidity,13,2.1666666666666665,0.9000081577502669,10662,2023,1
soil_humidity,14,2.3333333333333335,0.8902700101784156,10663,2023,1
soil_humidity,15,2.5,0.8804716830933698,10662,2023,1
soil_humidity,16,2.6666666666666665,0.8708142435116255,10662,2023,1
soil_humidity,17,2.8333333333333335,0.860963288293241,10660,2023,1
soil_humidity,18,3.0,0.8511833407413084,10659,2023,1
soil_humidity,19,3.1666666666666665,0.8410566607332908,10659,2023,1
soil_humidity,20,3.3333333333333335,0.8308707773354864,10656,2023,1
soil_humidity,21,3.5,0.8206333451186356,10656,2023,1
soil_humidity,22,3.6666666666666665,0.810451002835689,10657,2023,1
soil_humidity,23,3.8333333333333335,0.8004337262691318,10656,2023,1
soil_humidity,24,4.0,0.7904458297254789,10652,2023,1
soil_humidity,25,4.166666666666667,0.7806130954131244,10650,2023,1
soil_humidity,26,4.333333333333333,0.7710626986283212,10653,2023,1
soil_humidity,27,4.5,0.761624538186718,10651,2023,1
soil_humidity,28,4.666666666666667,0.7522013781124851,10647,2023,1
soil_humidity,29,4.833333333333333,0.7429211908779417,10650,2023,1
soil_humidity,30,5.0,0.7336905173399916,10650,2023,1
soil_humidity,31,5.166666666666667,0.7243775008262989,10646,2023,1
soil_humidity,32,5.333333333333333,0.7151017626857114,10645,2023,1
soil_humidity,33,5.5,0.7049634369598404,10647,2023,1
soil_humidity,34,5.666666666666667,0.6964241123180313,10642,2023,1
soil_humidity,35,5.833333333333333,0.6881230603387554,10642,2023,1
soil_humidity,36,6.0,0.6796962607157749,10642,2023,1
soil_humidity,37,6.166666666666667,0.6724251961868476,10643,2023,1
soil_humidity,38,6.333333333333333,0.6647592911669811,10638,2023,1
soil_humidity,39,6.5,0.6569511814574339,10639,2023,1
soil_humidity,40,6.666666666666667,0.6497155318482437,10641,2023,1
soil_humidity,41,6.833333333333333,0.6432612049698527,10641,2023,1
soil_humidity,42,7.0,0.6363172454610279,10640,2023,1
soil_humidity,43,7.166666666666667,0.6300491101050071,10639,2023,1
soil_humidity,44,7.333333333333333,0.6242230031953505,10636,2023,1
soil_humidity,45,7.5,0.6181952005122091,10634,2023,1
soil_humidity,46,7.666666666666667,0.6126141996784948,10636,2023,1
soil_humidity,47,7.833333333333333,0.6072163207735809,10633,2023,1
soil_humidity,48,8.0,0.6019491854087718,10636,2023,1
soil_humidity,49,8.166666666666666,0.5971903867725356,10631,2023,1
soil_humidity,50,8.333333333333334,0.5925214776392058,10634,2023,1
soil_humidity,51,8.5,0.5873916049795734,10628,2023,1
soil_humidity,52,8.666666666666666,0.5825654207766636,10628,2023,1
soil_humidity,53,8.833333333333334,0.5779817680946583,10630,2023,1
soil_humidity,54,9.0,0.573110901944841,10625,2023,1
soil_humidity,55,9.166666666666666,0.5685643491309962,10628,2023,1
soil_humidity,56,9.333333333333334,0.5639769521806253,10625,2023,1
soil_humidity,57,9.5,0.5595051732865907,10624,2023,1
soil_humidity,58,9.666666666666666,0.555132168692124,10621,2023,1
soil_humidity,59,9.833333333333334,0.5506119194898822,10623,2023,1
soil_humidity,60,10.0,0.5466425130130593,10621,2023,1
soil_humidity,61,10.166666666666666,0.5425775497077928,10620,2023,1
soil_humidity,62,10.333333333333334,0.5381613713651918,10619,2023,1
soil_humidity,63,10.5,0.534099061436877,10617,2023,1
soil_humidity,64,10.666666666666666,0.5299871743293851,10617,2023,1
soil_humidity,65,10.833333333333334,0.5257756178055938,10617,2023,1
soil_humidity,66,11.0,0.5218956973259461,10617,2023,1
soil_humidity,67,11.166666666666666,0.5177495336732434,10616,2023,1
soil_humidity,68,11.333333333333334,0.5140056059136142,10614,2023,1
soil_humidity,69,11.5,0.5099693850087276,10613,2023,1
soil_humidity,70,11.666666666666666,0.5060768109070617,10613,2023,1
soil_humidity,71,11.833333333333334,0.5019994432592405,10613,2023,1
soil_humidity,72,12.0,0.4979563794873958,10610,2023,1
soil_humidity,73,12.166666666666666,0.49423948905525106,10607,2023,1
soil_humidity,74,12.333333333333334,0.4901426201350492,10609,2023,1
soil_humidity,75,12.5,0.48622266657709173,10607,2023,1
soil_humidity,76,12.666666666666666,0.48248529810622737,10609,2023,1
soil_humidity,77,12.833333333333334,0.47864153157134065,10606,2023,1
soil_humidity,78,13.0,0.4745520191329531,10603,2023,1
soil_humidity,79,13.166666666666666,0.4711123309660053,10606,2023,1
soil_humidity,80,13.333333333333334,0.467337419688088,10606,2023,1
soil_humidity,81,13.5,0.46312690575311577,10602,2023,1
soil_humidity,82,13.666666666666666,0.45895943679199175,10601,2023,1
soil_humidity,83,13.833333333333334,0.45520272676096857,10599,2023,1
soil_humidity,84,14.0,0.45117772127661304,10598,2023,1
soil_humidity,85,14.166666666666666,0.44741826549364205,10598,2023,1
soil_humidity,86,14.333333333333334,0.4432950148208943,10598,2023,1
soil_humidity,87,14.5,0.4392505038556878,10595,2023,1
soil_humidity,88,14.666666666666666,0.435157728842127,10596,2023,1
soil_humidity,89,14.833333333333334,0.43138556784141074,10599,2023,1
soil_humidity,90,15.0,0.42742143741955274,10594,2023,1
soil_humidity,91,15.166666666666666,0.42353618250496006,10593,2023,1
soil_humidity,92,15.333333333333334,0.41981454332882734,10592,2023,1
soil_humidity,93,15.5,0.416111628275942,10591,2023,1
soil_humidity,94,15.666666666666666,0.41221784471765244,10590,2023,1
soil_humidity,95,15.833333333333334,0.407922913582432,10591,2023,1
soil_humidity,96,16.0,0.4041752003043929,10586,2023,1
soil_humidity,97,16.166666666666668,0.4003073373714084,10587,2023,1
soil_humidity,98,16.333333333333332,0.39611778915455403,10587,2023,1
soil_humidity,99,16.5,0.3926002695334625,10588,2023,1
soil_humidity,100,16.666666666666668,0.3888256661949875,10586,2023,1
soil_humidity,101,16.833333333333332,0.3850123020976203,10583,2023,1
soil_humidity,102,17.0,0.38149307712481706,10582,2023,1
soil_humidity,103,17.166666666666668,0.3775435925808989,10582,2023,1
soil_humidity,104,17.333333333333332,0.3733100934284792,10578,2023,1
soil_humidity,105,17.5,0.36904868074585956,10578,2023,1
soil_humidity,106,17.666666666666668,0.36521419448786996,10578,2023,1
soil_humidity,107,17.833333333333332,0.36141544204731973,10579,2023,1
soil_humidity,108,18.0,0.35714787821637584,10575,2023,1
soil_humidity,109,18.166666666666668,0.3527403199929459,10577,2023,1
soil_humidity,110,18.333333333333332,0.34870145457019547,10574,2023,1
soil_humidity,111,18.5,0.34430614522662495,10573,2023,1
soil_humidity,112,18.666666666666668,0.33951201738992715,10574,2023,1
soil_humidity,113,18.833333333333332,0.3350667364483317,10573,2023,1
soil_humidity,114,19.0,0.33043993924479087,10572,2023,1
soil_humidity,115,19.166666666666668,0.3254172355272907,10575,2023,1
soil_humidity,116,19.333333333333332,0.321046287167754,10569,2023,1
soil_humidity,117,19.5,0.316745823480314,10568,2023,1
soil_humidity,118,19.666666666666668,0.31209680846424653,10565,2023,1
soil_humidity,119,19.833333333333332,0.30754479672411283,10568,2023,1
soil_humidity,120,20.0,0.3030160221441077,10564,2023,1
soil_humidity,121,20.166666666666668,0.2984569401490715,10562,2023,1
soil_humidity,122,20.333333333333332,0.2940821861924222,10566,2023,1
soil_humidity,123,20.5,0.2898247212377404,10563,2023,1
soil_humidity,124,20.666666666666668,0.2856391061094613,10564,2023,1
soil_humidity,125,20.833333333333332,0.2811218280063666,10563,2023,1
soil_humidity,126,21.0,0.2773557546916301,10559,2023,1
soil_humidity,127,21.166666666666668,0.27302923348512326,10560,2023,1
soil_humidity,128,21.333333333333332,0.26912848842313447,10558,2023,1
soil_humidity,129,21.5,0.2651928558091962,10557,2023,1
soil_humidity,130,21.666666666666668,0.26104562094086486,10556,2023,1
soil_humidity,131,21.833333333333332,0.25695285165606896,10552,2023,1
soil_humidity,132,22.0,0.25265545019094693,10552,2023,1
soil_humidity,133,22.166666666666668,0.2486612517901364,10553,2023,1
soil_humidity,134,22.333333333333332,0.24487098987594905,10554,2023,1
soil_humidity,135,22.5,0.2406864090746111,10549,2023,1
soil_humidity,136,22.666666666666668,0.2367540628056747,10548,2023,1
soil_humidity,137,22.833333333333332,0.23280404004511587,10548,2023,1
soil_humidity,138,23.0,0.2290933983140516,10545,2023,1
soil_humidity,139,23.166666666666668,0.22521660499841398,10547,2023,1
soil_humidity,140,23.333333333333332,0.22203241700267906,10544,2023,1
soil_humidity,141,23.5,0.2184436007473395,10544,2023,1
soil_humidity,142,23.666666666666668,0.21501885944794902,10542,2023,1
soil_humidity,143,23.833333333333332,0.2116228399912901,10543,2023,1
soil_humidity,144,24.0,0.20721443192665984,10542,2023,1
env_temperature,1,0.16666666666666666,0.997049587005849,10918,2023,2
env_temperature,2,0.3333333333333333,0.9908920475040088,10916,2023,2
env_temperature,3,0.5,0.9824910559478407,10915,2023,2
env_temperature,4,0.6666666666666666,0.9720756831288384,10914,2023,2
env_temperature,5,0.8333333333333334,0.959781971117252,10914,2023,2
env_temperature,6,1.0,0.9456821576575798,10914,2023,2
env_temperature,7,1.1666666666666667,0.9297561367145916,10912,2023,2
env_temperature,8,1.3333333333333333,0.9123446951670491,10910,2023,2
env_temperature,9,1.5,0.8936242110824028,10909,2023,2
env_temperature,10,1.6666666666666667,0.8736046871105936,10908,2023,2
env_temperature,11,1.8333333333333333,0.8523742691487053,10907,2023,2
env_temperature,12,2.0,0.8300746396417319,10907,2023,2
env_temperature,13,2.1666666666666665,0.8066394022217012,10905,2023,2
env_temperature,14,2.3333333333333335,0.7823635686691144,10906,2023,2
env_temperature,15,2.5,0.7571093414828376,10903,2023,2
env_temperature,16,2.6666666666666665,0.7312758235644932,10902,2023,2
env_temperature,17,2.8333333333333335,0.704871016996052,10902,2023,2
env_temperature,18,3.0,0.6779674181316064,10900,2023,2
env_temperature,19,3.1666666666666665,0.6504956690799442,10899,2023,2
env_temperature,20,3.3333333333333335,0.6226815475341655,10898,2023,2
env_temperature,21,3.5,0.5946158835124051,10897,2023,2
env_temperature,22,3.6666666666666665,0.5663171244173224,10897,2023,2
env_temperature,23,3.8333333333333335,0.5377172603612567,10896,2023,2
env_temperature,24,4.0,0.508757586539396,10894,2023,2
env_temperature,25,4.166666666666667,0.4797254392257627,10893,2023,2
env_temperature,26,4.333333333333333,0.4506429438255865,10892,2023,2
env_temperature,27,4.5,0.42153358296829635,10891,2023,2
env_temperature,28,4.666666666666667,0.3922743217069052,10890,2023,2
env_temperature,29,4.833333333333333,0.3628418672673217,10891,2023,2
env_temperature,30,5.0,0.33354397847410705,10888,2023,2
env_temperature,31,5.166666666666667,0.304229922684736,10887,2023,2
env_temperature,32,5.333333333333333,0.2750702469034888,10886,2023,2
env_temperature,33,5.5,0.24592836133343576,10885,2023,2
env_temperature,34,5.666666666666667,0.21693604056158394,10884,2023,2
env_temperature,35,5.833333333333333,0.18797592146654185,10883,2023,2
env_temperature,36,6.0,0.15910449483340425,10882,2023,2
env_temperature,37,6.166666666666667,0.1301915844607207,10881,2023,2
env_temperature,38,6.333333333333333,0.10150787372437459,10880,2023,2
env_temperature,39,6.5,0.07300838612351254,10879,2023,2
env_temperature,40,6.666666666666667,0.04458979720567623,10878,2023,2
env_temperature,41,6.833333333333333,0.01607457602091477,10878,2023,2
env_temperature,42,7.0,-0.012155038821386351,10877,2023,2
env_temperature,43,7.166666666666667,-0.04030768449535389,10876,2023,2
env_temperature,44,7.333333333333333,-0.0681426464394855,10875,2023,2
env_temperature,45,7.5,-0.0958039084684274,10874,2023,2
env_temperature,46,7.666666666666667,-0.12317751192827837,10873,2023,2
env_temperature,47,7.833333333333333,-0.15028486288959528,10872,2023,2
env_temperature,48,8.0,-0.17715159728963698,10871,2023,2
env_temperature,49,8.166666666666666,-0.20369292200608116,10870,2023,2
env_temperature,50,8.333333333333334,-0.2299692796862115,10870,2023,2
env_temperature,51,8.5,-0.2557905284063113,10868,2023,2
env_temperature,52,8.666666666666666,-0.28120720376750846,10867,2023,2
env_temperature,53,8.833333333333334,-0.3061046007860708,10867,2023,2
env_temperature,54,9.0,-0.3303135486566843,10866,2023,2
env_temperature,55,9.166666666666666,-0.3539886280121364,10865,2023,2
env_temperature,56,9.333333333333334,-0.37709182487726184,10864,2023,2
env_temperature,57,9.5,-0.39942531757695277,10863,2023,2
env_temperature,58,9.666666666666666,-0.4208313316680157,10862,2023,2
env_temperature,59,9.833333333333334,-0.4414390227201661,10861,2023,2
env_temperature,60,10.0,-0.46095080592089605,10860,2023,2
env_temperature,61,10.166666666666666,-0.47925781989848953,10859,2023,2
env_temperature,62,10.333333333333334,-0.49641010426007165,10858,2023,2
env_temperature,63,10.5,-0.5123081838575854,10857,2023,2
env_temperature,64,10.666666666666666,-0.5268560486725005,10856,2023,2
env_temperature,65,10.833333333333334,-0.5400512673139,10855,2023,2
env_temperature,66,11.0,-0.5517267275812663,10854,2023,2
env_temperature,67,11.166666666666666,-0.5618270944374842,10853,2023,2
env_temperature,68,11.333333333333334,-0.5702520034999033,10852,2023,2
env_temperature,69,11.5,-0.5769286491043198,10851,2023,2
env_temperature,70,11.666666666666666,-0.5818578896920001,10851,2023,2
env_temperature,71,11.833333333333334,-0.585042732892983,10849,2023,2
env_temperature,72,12.0,-0.5862455413912377,10848,2023,2
env_temperature,73,12.166666666666666,-0.5855006714626886,10847,2023,2
env_temperature,74,12.333333333333334,-0.5829045968626518,10846,2023,2
env_temperature,75,12.5,-0.578412491262417,10845,2023,2
env_temperature,76,12.666666666666666,-0.5721013924651743,10844,2023,2
env_temperature,77,12.833333333333334,-0.5641895706180183,10843,2023,2
env_temperature,78,13.0,-0.5545839003132986,10842,2023,2
env_temperature,79,13.166666666666666,-0.5434853442198017,10841,2023,2
env_temperature,80,13.333333333333334,-0.5309371127180058,10840,2023,2
env_temperature,81,13.5,-0.5169896608683184,10839,2023,2
env_temperature,82,13.666666666666666,-0.5016833769770381,10838,2023,2
env_temperature,83,13.833333333333334,-0.48516357189422143,10837,2023,2
env_temperature,84,14.0,-0.4676038089349519,10837,2023,2
env_temperature,85,14.166666666666666,-0.44862781190930673,10835,2023,2
env_temperature,86,14.333333333333334,-0.42865520452834976,10836,2023,2
env_temperature,87,14.5,-0.40770456082750584,10833,2023,2
env_temperature,88,14.666666666666666,-0.3860038510446081,10833,2023,2
env_temperature,89,14.833333333333334,-0.3634226753798284,10831,2023,2
env_temperature,90,15.0,-0.3402960091157116,10830,2023,2
env_temperature,91,15.166666666666666,-0.3166479998449731,10830,2023,2
env_temperature,92,15.333333333333334,-0.29239219668082705,10829,2023,2
env_temperature,93,15.5,-0.2677474308614161,10828,2023,2
env_temperature,94,15.666666666666666,-0.2427064246762723,10827,2023,2
env_temperature,95,15.833333333333334,-0.21718617949727698,10826,2023,2
env_temperature,96,16.0,-0.19132601303669575,10825,2023,2
env_temperature,97,16.166666666666668,-0.16524517827592292,10824,2023,2
env_temperature,98,16.333333333333332,-0.1389618659898117,10823,2023,2
env_temperature,99,16.5,-0.11258811659881704,10822,2023,2
env_temperature,100,16.666666666666668,-0.08602027348037893,10821,2023,2
env_temperature,101,16.833333333333332,-0.05918474849617575,10820,2023,2
env_temperature,102,17.0,-0.03219311866024507,10819,2023,2
env_temperature,103,17.166666666666668,-0.0051912847512437825,10818,2023,2
env_temperature,104,17.333333333333332,0.021961299567825693,10817,2023,2
env_temperature,105,17.5,0.049163534205679274,10816,2023,2
env_temperature,106,17.666666666666668,0.07648767960640361,10815,2023,2
env_temperature,107,17.833333333333332,0.10396090252974483,10814,2023,2
env_temperature,108,18.0,0.1315751711256894,10813,2023,2
env_temperature,109,18.166666666666668,0.15928059825520008,10812,2023,2
env_temperature,110,18.333333333333332,0.18713407527093398,10811,2023,2
env_temperature,111,18.5,0.21491781540275326,10810,2023,2
env_temperature,112,18.666666666666668,0.24276586939871922,10809,2023,2
env_temperature,113,18.833333333333332,0.2707931900016194,10808,2023,2
env_temperature,114,19.0,0.29882003112698863,10807,2023,2
env_temperature,115,19.166666666666668,0.3265605317071612,10807,2023,2
env_temperature,116,19.333333333333332,0.35467829799627887,10805,2023,2
env_temperature,117,19.5,0.3826243542731754,10804,2023,2
env_temperature,118,19.666666666666668,0.41049691547231704,10803,2023,2
env_temperature,119,19.833333333333332,0.4382549484364684,10802,2023,2
env_temperature,120,20.0,0.46579409414849565,10801,2023,2
env_temperature,121,20.166666666666668,0.4932105474024962,10800,2023,2
env_temperature,122,20.333333333333332,0.5202664605520572,10799,2023,2
env_temperature,123,20.5,0.5471765056237521,10798,2023,2
env_temperature,124,20.666666666666668,0.5736912696000185,10797,2023,2
env_temperature,125,20.833333333333332,0.5996931893250804,10796,2023,2
env_temperature,126,21.0,0.6251053777499914,10795,2023,2
env_temperature,127,21.166666666666668,0.6498512634879537,10794,2023,2
env_temperature,128,21.333333333333332,0.6739494453898641,10793,2023,2
env_temperature,129,21.5,0.697432911390834,10792,2023,2
env_temperature,130,21.666666666666668,0.7201384431026411,10791,2023,2
env_temperature,131,21.833333333333332,0.7419966514969869,10789,2023,2
env_temperature,132,22.0,0.7628423629795432,10789,2023,2
env_temperature,133,22.166666666666668,0.7825290921068748,10788,2023,2
env_temperature,134,22.333333333333332,0.8010249499716071,10787,2023,2
env_temperature,135,22.5,0.8182810212931699,10786,2023,2
env_temperature,136,22.666666666666668,0.8341557366661858,10785,2023,2
env_temperature,137,22.833333333333332,0.8485173942600683,10784,2023,2
env_temperature,138,23.0,0.861165367679699,10783,2023,2
env_temperature,139,23.166666666666668,0.8721078486593713,10782,2023,2
env_temperature,140,23.333333333333332,0.8812359418579157,10781,2023,2
env_temperature,141,23.5,0.8883942340928019,10780,2023,2
env_temperature,142,23.666666666666668,0.8935470370134203,10779,2023,2
env_temperature,143,23.833333333333332,0.8965581566392375,10778,2023,2
env_temperature,144,24.0,0.8973011727978473,10778,2023,2
soil_humidity,1,0.16666666666666666,0.9979342129678138,10655,2023,2
soil_humidity,2,0.3333333333333333,0.9954053898198856,10655,2023,2
soil_humidity,3,0.5,0.9925093843791241,10655,2023,2
soil_humidity,4,0.6666666666666666,0.9892927885461136,10655,2023,2
soil_humidity,5,0.8333333333333334,0.9859138153895536,10653,2023,2
soil_humidity,6,1.0,0.9824012532051993,10654,2023,2
soil_humidity,7,1.1666666666666667,0.9787740122965463,10654,2023,2
soil_humidity,8,1.3333333333333333,0.9751182202811767,10650,2023,2
soil_humidity,9,1.5,0.9714836606100068,10650,2023,2
soil_humidity,10,1.6666666666666667,0.967798230581053,10647,2023,2
soil_humidity,11,1.8333333333333333,0.9640074483634858,10646,2023,2
soil_humidity,12,2.0,0.9601549029021951,10653,2023,2
soil_humidity,13,2.1666666666666665,0.9562707696988924,10647,2023,2
soil_humidity,14,2.3333333333333335,0.9524014166047885,10649,2023,2
soil_humidity,15,2.5,0.948410768182162,10642,2023,2
soil_humidity,16,2.6666666666666665,0.9445093826302022,10640,2023,2
soil_humidity,17,2.8333333333333335,0.9405671457749228,10642,2023,2
soil_humidity,18,3.0,0.9367288354096011,10639,2023,2
soil_humidity,19,3.1666666666666665,0.9328163481390469,10640,2023,2
soil_humidity,20,3.3333333333333335,0.9291075322967393,10638,2023,2
soil_humidity,21,3.5,0.9253464012703773,10642,2023,2
soil_humidity,22,3.6666666666666665,0.9216920340719966,10636,2023,2
soil_humidity,23,3.8333333333333335,0.9181372147532971,10638,2023,2
soil_humidity,24,4.0,0.9146166433732816,10635,2023,2
soil_humidity,25,4.166666666666667,0.911298937657964,10634,2023,2
soil_humidity,26,4.333333333333333,0.9080908318601808,10635,2023,2
soil_humidity,27,4.5,0.9049034733198396,10631,2023,2
soil_humidity,28,4.666666666666667,0.9017736358713074,10633,2023,2
soil_humidity,29,4.833333333333333,0.8986727530293723,10632,2023,2
soil_humidity,30,5.0,0.8957282227683667,10629,2023,2
soil_humidity,31,5.166666666666667,0.8927568252158301,10629,2023,2
soil_humidity,32,5.333333333333333,0.8902672214418601,10626,2023,2
soil_humidity,33,5.5,0.8878671630198595,10626,2023,2
soil_humidity,34,5.666666666666667,0.8855630977065857,10624,2023,2
soil_humidity,35,5.833333333333333,0.8834199091770304,10626,2023,2
soil_humidity,36,6.0,0.881346106005875,10624,2023,2
soil_humidity,37,6.166666666666667,0.8792012282062359,10624,2023,2
soil_humidity,38,6.333333333333333,0.8773597636159755,10622,2023,2
soil_humidity,39,6.5,0.8754907315454367,10621,2023,2
soil_humidity,40,6.666666666666667,0.8736508817735364,10623,2023,2
soil_humidity,41,6.833333333333333,0.871811429338334,10620,2023,2
soil_humidity,42,7.0,0.8700593187803289,10621,2023,2
soil_humidity,43,7.166666666666667,0.8683450429733542,10618,2023,2
soil_humidity,44,7.333333333333333,0.8673049547338098,10616,2023,2
soil_humidity,45,7.5,0.8657778333650518,10616,2023,2
soil_humidity,46,7.666666666666667,0.864182250659844,10613,2023,2
soil_humidity,47,7.833333333333333,0.8625308312358931,10614,2023,2
soil_humidity,48,8.0,0.8610454436776882,10612,2023,2
soil_humidity,49,8.166666666666666,0.8596603157714389,10610,2023,2
soil_humidity,50,8.333333333333334,0.8581470627718633,10611,2023,2
soil_humidity,51,8.5,0.8567196147861076,10610,2023,2
soil_humidity,52,8.666666666666666,0.8552554352801615,10608,2023,2
soil_humidity,53,8.833333333333334,0.8537659365623073,10607,2023,2
soil_humidity,54,9.0,0.8521646635765385,10609,2023,2
soil_humidity,55,9.166666666666666,0.8507690363801491,10606,2023,2
soil_humidity,56,9.333333333333334,0.8489697759119482,10607,2023,2
soil_humidity,57,9.5,0.8476578232639979,10605,2023,2
soil_humidity,58,9.666666666666666,0.8462060905532337,10602,2023,2
soil_humidity,59,9.833333333333334,0.8445865926177912,10604,2023,2
soil_humidity,60,10.0,0.8434050279623709,10599,2023,2
soil_humidity,61,10.166666666666666,0.8420260613897476,10599,2023,2
soil_humidity,62,10.333333333333334,0.8406192897267037,10599,2023,2
soil_humidity,63,10.5,0.8392681954529847,10599,2023,2
soil_humidity,64,10.666666666666666,0.8378205626944573,10599,2023,2
soil_humidity,65,10.833333333333334,0.8364718719590261,10596,2023,2
soil_humidity,66,11.0,0.8350047206266039,10597,2023,2
soil_humidity,67,11.166666666666666,0.8337212335086798,10594,2023,2
soil_humidity,68,11.333333333333334,0.8319239759144789,10600,2023,2
soil_humidity,69,11.5,0.8309943994926612,10593,2023,2
soil_humidity,70,11.666666666666666,0.8296557363993351,10594,2023,2
soil_humidity,71,11.833333333333334,0.8282870801131051,10592,2023,2
soil_humidity,72,12.0,0.8270468833943465,10593,2023,2
soil_humidity,73,12.166666666666666,0.8256139860084988,10590,2023,2
soil_humidity,74,12.333333333333334,0.8244301639222028,10589,2023,2
soil_humidity,75,12.5,0.8231509097675855,10589,2023,2
soil_humidity,76,12.666666666666666,0.8218869436822919,10590,2023,2
soil_humidity,77,12.833333333333334,0.8209141365948203,10587,2023,2
soil_humidity,78,13.0,0.8198014992895931,10585,2023,2
soil_humidity,79,13.166666666666666,0.8185737340234441,10582,2023,2
soil_humidity,80,13.333333333333334,0.8173129300189069,10585,2023,2
soil_humidity,81,13.5,0.8161420919808849,10582,2023,2
soil_humidity,82,13.666666666666666,0.8149236694541719,10580,2023,2
soil_humidity,83,13.833333333333334,0.8137448612659587,10578,2023,2
soil_humidity,84,14.0,0.8125862758711295,10579,2023,2
soil_humidity,85,14.166666666666666,0.8114772813406116,10580,2023,2
soil_humidity,86,14.333333333333334,0.810292053519106,10579,2023,2
soil_humidity,87,14.5,0.8090942773574766,10574,2023,2
soil_humidity,88,14.666666666666666,0.8079689587108272,10577,2023,2
soil_humidity,89,14.833333333333334,0.8066549907752006,10576,2023,2
soil_humidity,90,15.0,0.8055561260997693,10573,2023,2
soil_humidity,91,15.166666666666666,0.8044427165673721,10574,2023,2
soil_humidity,92,15.333333333333334,0.8032497298036808,10575,2023,2
soil_humidity,93,15.5,0.8020969087142606,10568,2023,2
soil_humidity,94,15.666666666666666,0.801037011099207,10570,2023,2
soil_humidity,95,15.833333333333334,0.7999868513189401,10568,2023,2
soil_humidity,96,16.0,0.798842916355614,10569,2023,2
soil_humidity,97,16.166666666666668,0.7977497044865839,10571,2023,2
soil_humidity,98,16.333333333333332,0.7966718423505803,10563,2023,2
soil_humidity,99,16.5,0.7955428937214367,10563,2023,2
soil_humidity,100,16.666666666666668,0.7945469671136696,10563,2023,2
soil_humidity,101,16.833333333333332,0.7933368122487655,10563,2023,2
soil_humidity,102,17.0,0.7922378673826432,10559,2023,2
soil_humidity,103,17.166666666666668,0.7911123981955867,10560,2023,2
soil_humidity,104,17.333333333333332,0.7900808943421797,10562,2023,2
soil_humidity,105,17.5,0.7889071065780894,10557,2023,2
soil_humidity,106,17.666666666666668,0.787815177549965,10557,2023,2
soil_humidity,107,17.833333333333332,0.7868983537847395,10558,2023,2
soil_humidity,108,18.0,0.7858335571116938,10553,2023,2
soil_humidity,109,18.166666666666668,0.7848538937498429,10557,2023,2
soil_humidity,110,18.333333333333332,0.7838248497342919,10552,2023,2
soil_humidity,111,18.5,0.7827827094644674,10555,2023,2
soil_humidity,112,18.666666666666668,0.7816082495400781,10555,2023,2
soil_humidity,113,18.833333333333332,0.7804140333734919,10549,2023,2
soil_humidity,114,19.0,0.7791781899161259,10550,2023,2
soil_humidity,115,19.166666666666668,0.7778965802445958,10548,2023,2
soil_humidity,116,19.333333333333332,0.7767703612590682,10549,2023,2
soil_humidity,117,19.5,0.77553930816053,10545,2023,2
soil_humidity,118,19.666666666666668,0.7744883109934646,10547,2023,2
soil_humidity,119,19.833333333333332,0.7733783889521327,10542,2023,2
soil_humidity,120,20.0,0.7718540766664719,10545,2023,2
soil_humidity,121,20.166666666666668,0.771316469400106,10544,2023,2
soil_humidity,122,20.333333333333332,0.7701833560737553,10542,2023,2
soil_humidity,123,20.5,0.7693545134687506,10541,2023,2
soil_humidity,124,20.666666666666668,0.7684089729695961,10538,2023,2
soil_humidity,125,20.833333333333332,0.767436935243148,10538,2023,2
soil_humidity,126,21.0,0.766468664138171,10537,2023,2
soil_humidity,127,21.166666666666668,0.765507099022622,10537,2023,2
soil_humidity,128,21.333333333333332,0.764602641963895,10536,2023,2
soil_humidity,129,21.5,0.7635100790150149,10533,2023,2
soil_humidity,130,21.666666666666668,0.7626242226685498,10535,2023,2
soil_humidity,131,21.833333333333332,0.7615975399775831,10531,2023,2
soil_humidity,132,22.0,0.760776913363125,10532,2023,2
soil_humidity,133,22.166666666666668,0.7598562460925931,10529,2023,2
soil_humidity,134,22.333333333333332,0.758817615975234,10530,2023,2
soil_humidity,135,22.5,0.7579093536566561,10533,2023,2
soil_humidity,136,22.666666666666668,0.7570768777413623,10527,2023,2
soil_humidity,137,22.833333333333332,0.7560697593779636,10530,2023,2
soil_humidity,138,23.0,0.7551626142362166,10527,2023,2
soil_humidity,139,23.166666666666668,0.7542411607983887,10527,2023,2
soil_humidity,140,23.333333333333332,0.7533669209176149,10525,2023,2
soil_humidity,141,23.5,0.7524436661697058,10521,2023,2
soil_humidity,142,23.666666666666668,0.7514486569033922,10521,2023,2
soil_humidity,143,23.833333333333332,0.7504318061792765,10519,2023,2
soil_humidity,144,24.0,0.749734059996881,10520,2023,2
env_temperature,1,0.16666666666666666,0.997049587005849,10918,2023,3
env_temperature,2,0.3333333333333333,0.9908920475040088,10916,2023,3
env_temperature,3,0.5,0.9824910559478407,10915,2023,3
env_temperature,4,0.6666666666666666,0.9720756831288384,10914,2023,3
env_temperature,5,0.8333333333333334,0.959781971117252,10914,2023,3
env_temperature,6,1.0,0.9456821576575798,10914,2023,3
env_temperature,7,1.1666666666666667,0.9297561367145916,10912,2023,3
env_temperature,8,1.3333333333333333,0.9123446951670491,10910,2023,3
env_temperature,9,1.5,0.8936242110824028,10909,2023,3
env_temperature,10,1.6666666666666667,0.8736046871105936,10908,2023,3
env_temperature,11,1.8333333333333333,0.8523742691487053,10907,2023,3
env_temperature,12,2.0,0.8300746396417319,10907,2023,3
env_temperature,13,2.1666666666666665,0.8066394022217012,10905,2023,3
env_temperature,14,2.3333333333333335,0.7823635686691144,10906,2023,3
env_temperature,15,2.5,0.7571093414828376,10903,2023,3
env_temperature,16,2.6666666666666665,0.7312758235644932,10902,2023,3
env_temperature,17,2.8333333333333335,0.704871016996052,10902,2023,3
env_temperature,18,3.0,0.6779674181316064,10900,2023,3
env_temperature,19,3.1666666666666665,0.6504956690799442,10899,2023,3
env_temperature,20,3.3333333333333335,0.6226815475341655,10898,2023,3
env_temperature,21,3.5,0.5946158835124051,10897,2023,3
env_temperature,22,3.6666666666666665,0.5663171244173224,10897,2023,3
env_temperature,23,3.8333333333333335,0.5377172603612567,10896,2023,3
env_temperature,24,4.0,0.508757586539396,10894,2023,3
env_temperature,25,4.166666666666667,0.4797254392257627,10893,2023,3
env_temperature,26,4.333333333333333,0.4506429438255865,10892,2023,3
env_temperature,27,4.5,0.42153358296829635,10891,2023,3
env_temperature,28,4.666666666666667,0.3922743217069052,10890,2023,3
env_temperature,29,4.833333333333333,0.3628418672673217,10891,2023,3
env_temperature,30,5.0,0.33354397847410705,10888,2023,3
env_temperature,31,5.166666666666667,0.304229922684736,10887,2023,3
env_temperature,32,5.333333333333333,0.2750702469034888,10886,2023,3
env_temperature,33,5.5,0.24592836133343576,10885,2023,3
env_temperature,34,5.666666666666667,0.21693604056158394,10884,2023,3
env_temperature,35,5.833333333333333,0.18797592146654185,10883,2023,3
env_temperature,36,6.0,0.15910449483340425,10882,2023,3
env_temperature,37,6.166666666666667,0.1301915844607207,10881,2023,3
env_temperature,38,6.333333333333333,0.10150787372437459,10880,2023,3
env_temperature,39,6.5,0.07300838612351254,10879,2023,3
env_temperature,40,6.666666666666667,0.04458979720567623,10878,2023,3
env_temperature,41,6.833333333333333,0.01607457602091477,10878,2023,3
env_temperature,42,7.0,-0.012155038821386351,10877,2023,3
env_temperature,43,7.166666666666667,-0.04030768449535389,10876,2023,3
env_temperature,44,7.333333333333333,-0.0681426464394855,10875,2023,3
env_temperature,45,7.5,-0.0958039084684274,10874,2023,3
env_temperature,46,7.666666666666667,-0.12317751192827837,10873,2023,3
env_temperature,47,7.833333333333333,-0.15028486288959528,10872,2023,3
env_temperature,48,8.0,-0.17715159728963698,10871,2023,3
env_temperature,49,8.166666666666666,-0.20369292200608116,10870,2023,3
env_temperature,50,8.333333333333334,-0.2299692796862115,10870,2023,3
env_temperature,51,8.5,-0.2557905284063113,10868,2023,3
env_temperature,52,8.666666666666666,-0.28120720376750846,10867,2023,3
env_temperature,53,8.833333333333334,-0.3061046007860708,10867,2023,3
env_temperature,54,9.0,-0.3303135486566843,10866,2023,3
env_temperature,55,9.166666666666666,-0.3539886280121364,10865,2023,3
env_temperature,56,9.333333333333334,-0.37709182487726184,10864,2023,3
env_temperature,57,9.5,-0.39942531757695277,10863,2023,3
env_temperature,58,9.666666666666666,-0.4208313316680157,10862,2023,3
env_temperature,59,9.833333333333334,-0.4414390227201661,10861,2023,3
env_temperature,60,10.0,-0.46095080592089605,10860,2023,3
env_temperature,61,10.166666666666666,-0.47925781989848953,10859,2023,3
env_temperature,62,10.333333333333334,-0.49641010426007165,10858,2023,3
env_temperature,63,10.5,-0.5123081838575854,10857,2023,3
env_temperature,64,10.666666666666666,-0.5268560486725005,10856,2023,3
env_temperature,65,10.833333333333334,-0.5400512673139,10855,2023,3
env_temperature,66,11.0,-0.5517267275812663,10854,2023,3
env_temperature,67,11.166666666666666,-0.5618270944374842,10853,2023,3
env_temperature,68,11.333333333333334,-0.5702520034999033,10852,2023,3
env_temperature,69,11.5,-0.5769286491043198,10851,2023,3
env_temperature,70,11.666666666666666,-0.5818578896920001,10851,2023,3
env_temperature,71,11.833333333333334,-0.585042732892983,10849,2023,3
env_temperature,72,12.0,-0.5862455413912377,10848,2023,3
env_temperature,73,12.166666666666666,-0.5855006714626886,10847,2023,3
env_temperature,74,12.333333333333334,-0.5829045968626518,10846,2023,3
env_temperature,75,12.5,-0.578412491262417,10845,2023,3
env_temperature,76,12.666666666666666,-0.5721013924651743,10844,2023,3
env_temperature,77,12.833333333333334,-0.5641895706180183,10843,2023,3
env_temperature,78,13.0,-0.5545839003132986,10842,2023,3
env_temperature,79,13.166666666666666,-0.5434853442198017,10841,2023,3
env_temperature,80,13.333333333333334,-0.5309371127180058,10840,2023,3
env_temperature,81,13.5,-0.5169896608683184,10839,2023,3
env_temperature,82,13.666666666666666,-0.5016833769770381,10838,2023,3
env_temperature,83,13.833333333333334,-0.48516357189422143,10837,2023,3
env_temperature,84,14.0,-0.4676038089349519,10837,2023,3
env_temperature,85,14.166666666666666,-0.44862781190930673,10835,2023,3
env_temperature,86,14.333333333333334,-0.42865520452834976,10836,2023,3
env_temperature,87,14.5,-0.40770456082750584,10833,2023,3
env_temperature,88,14.666666666666666,-0.3860038510446081,10833,2023,3
env_temperature,89,14.833333333333334,-0.3634226753798284,10831,2023,3
env_temperature,90,15.0,-0.3402960091157116,10830,2023,3
env_temperature,91,15.166666666666666,-0.3166479998449731,10830,2023,3
env_temperature,92,15.333333333333334,-0.29239219668082705,10829,2023,3
env_temperature,93,15.5,-0.2677474308614161,10828,2023,3
env_temperature,94,15.666666666666666,-0.2427064246762723,10827,2023,3
env_temperature,95,15.833333333333334,-0.21718617949727698,10826,2023,3
env_temperature,96,16.0,-0.19132601303669575,10825,2023,3
env_temperature,97,16.166666666666668,-0.16524517827592292,10824,2023,3
env_temperature,98,16.333333333333332,-0.1389618659898117,10823,2023,3
env_temperature,99,16.5,-0.11258811659881704,10822,2023,3
env_temperature,100,16.666666666666668,-0.08602027348037893,10821,2023,3
env_temperature,101,16.833333333333332,-0.05918474849617575,10820,2023,3
env_temperature,102,17.0,-0.03219311866024507,10819,2023,3
env_temperature,103,17.166666666666668,-0.0051912847512437825,10818,2023,3
env_temperature,104,17.333333333333332,0.021961299567825693,10817,2023,3
env_temperature,105,17.5,0.049163534205679274,10816,2023,3
env_temperature,106,17.666666666666668,0.07648767960640361,10815,2023,3
env_temperature,107,17.833333333333332,0.10396090252974483,10814,2023,3
env_temperature,108,18.0,0.1315751711256894,10813,2023,3
env_temperature,109,18.166666666666668,0.15928059825520008,10812,2023,3
env_temperature,110,18.333333333333332,0.18713407527093398,10811,2023,3
env_temperature,111,18.5,0.21491781540275326,10810,2023,3
env_temperature,112,18.666666666666668,0.24276586939871922,10809,2023,3
env_temperature,113,18.833333333333332,0.2707931900016194,10808,2023,3
env_temperature,114,19.0,0.29882003112698863,10807,2023,3
env_temperature,115,19.166666666666668,0.3265605317071612,10807,2023,3
env_temperature,116,19.333333333333332,0.35467829799627887,10805,2023,3
env_temperature,117,19.5,0.3826243542731754,10804,2023,3
env_temperature,118,19.666666666666668,0.41049691547231704,10803,2023,3
env_temperature,119,19.833333333333332,0.4382549484364684,10802,2023,3
env_temperature,120,20.0,0.46579409414849565,10801,2023,3
env_temperature,121,20.166666666666668,0.4932105474024962,10800,2023,3
env_temperature,122,20.333333333333332,0.5202664605520572,10799,2023,3
env_temperature,123,20.5,0.5471765056237521,10798,2023,3
env_temperature,124,20.666666666666668,0.5736912696000185,10797,2023,3
env_temperature,125,20.833333333333332,0.5996931893250804,10796,2023,3
env_temperature,126,21.0,0.6251053777499914,10795,2023,3
env_temperature,127,21.166666666666668,0.6498512634879537,10794,2023,3
env_temperature,128,21.333333333333332,0.6739494453898641,10793,2023,3
env_temperature,129,21.5,0.697432911390834,10792,2023,3
env_temperature,130,21.666666666666668,0.7201384431026411,10791,2023,3
env_temperature,131,21.833333333333332,0.7419966514969869,10789,2023,3
env_temperature,132,22.0,0.7628423629795432,10789,2023,3
env_temperature,133,22.166666666666668,0.7825290921068748,10788,2023,3
env_temperature,134,22.333333333333332,0.8010249499716071,10787,2023,3
env_temperature,135,22.5,0.8182810212931699,10786,2023,3
env_temperature,136,22.666666666666668,0.8341557366661858,10785,2023,3
env_temperature,137,22.833333333333332,0.8485173942600683,10784,2023,3
env_temperature,138,23.0,0.861165367679699,10783,2023,3
env_temperature,139,23.166666666666668,0.8721078486593713,10782,2023,3
env_temperature,140,23.333333333333332,0.8812359418579157,10781,2023,3
env_temperature,141,23.5,0.8883942340928019,10780,2023,3
env_temperature,142,23.666666666666668,0.8935470370134203,10779,2023,3
env_temperature,143,23.833333333333332,0.8965581566392375,10778,2023,3
env_temperature,144,24.0,0.8973011727978473,10778,2023,3
soil_humidity,1,0.16666666666666666,0.9978414814115114,10628,2023,3
soil_humidity,2,0.3333333333333333,0.9961097531502155,10621,2023,3
soil_humidity,3,0.5,0.9944160963584169,10617,2023,3
soil_humidity,4,0.6666666666666666,0.9922345722151662,10620,2023,3
soil_humidity,5,0.8333333333333334,0.98990890438692,10617,2023,3
soil_humidity,6,1.0,0.9876033362942073,10617,2023,3
soil_humidity,7,1.1666666666666667,0.9853877856118249,10616,2023,3
soil_humidity,8,1.3333333333333333,0.9830239084665447,10615,2023,3
soil_humidity,9,1.5,0.9805417509457031,10611,2023,3
soil_humidity,10,1.6666666666666667,0.9781519784343357,10610,2023,3
soil_humidity,11,1.8333333333333333,0.9758433359627134,10608,2023,3
soil_humidity,12,2.0,0.9737271125770253,10613,2023,3
soil_humidity,13,2.1666666666666665,0.9716299154845297,10610,2023,3
soil_humidity,14,2.3333333333333335,0.9697828926411292,10610,2023,3
soil_humidity,15,2.5,0.9679564484780454,10606,2023,3
soil_humidity,16,2.6666666666666665,0.9663175784393319,10608,2023,3
soil_humidity,17,2.8333333333333335,0.9648030030915574,10608,2023,3
soil_humidity,18,3.0,0.9634207818580273,10603,2023,3
soil_humidity,19,3.1666666666666665,0.962062370183788,10607,2023,3
soil_humidity,20,3.3333333333333335,0.9608190419550134,10608,2023,3
soil_humidity,21,3.5,0.9595490108042143,10601,2023,3
soil_humidity,22,3.6666666666666665,0.958157053269502,10600,2023,3
soil_humidity,23,3.8333333333333335,0.9567778364749772,10599,2023,3
soil_humidity,24,4.0,0.9555268919937706,10597,2023,3
soil_humidity,25,4.166666666666667,0.9543376320403681,10595,2023,3
soil_humidity,26,4.333333333333333,0.9532151150901175,10595,2023,3
soil_humidity,27,4.5,0.9520631073823486,10593,2023,3
soil_humidity,28,4.666666666666667,0.9509024814473918,10595,2023,3
soil_humidity,29,4.833333333333333,0.9499530290248307,10593,2023,3
soil_humidity,30,5.0,0.9490172754480354,10589,2023,3
soil_humidity,31,5.166666666666667,0.9480525755451849,10591,2023,3
soil_humidity,32,5.333333333333333,0.9471829194993276,10590,2023,3
soil_humidity,33,5.5,0.94663993751446,10587,2023,3
soil_humidity,34,5.666666666666667,0.9455532403083396,10588,2023,3
soil_humidity,35,5.833333333333333,0.9448113882116693,10588,2023,3
soil_humidity,36,6.0,0.9441984671369283,10585,2023,3
soil_humidity,37,6.166666666666667,0.9435092804112468,10589,2023,3
soil_humidity,38,6.333333333333333,0.9430850902301142,10585,2023,3
soil_humidity,39,6.5,0.9426631445734128,10584,2023,3
soil_humidity,40,6.666666666666667,0.9422986066980544,10582,2023,3
soil_humidity,41,6.833333333333333,0.9419749016115457,10581,2023,3
soil_humidity,42,7.0,0.9417547629201503,10582,2023,3
soil_humidity,43,7.166666666666667,0.9415687393765954,10579,2023,3
soil_humidity,44,7.333333333333333,0.9412691684887562,10579,2023,3
soil_humidity,45,7.5,0.941035357098198,10575,2023,3
soil_humidity,46,7.666666666666667,0.9407631002028735,10573,2023,3
soil_humidity,47,7.833333333333333,0.940348292327919,10574,2023,3
soil_humidity,48,8.0,0.9399282812530507,10572,2023,3
soil_humidity,49,8.166666666666666,0.9395650878648796,10577,2023,3
soil_humidity,50,8.333333333333334,0.9391950221274628,10574,2023,3
soil_humidity,51,8.5,0.9388378940193848,10574,2023,3
soil_humidity,52,8.666666666666666,0.9384602090785948,10570,2023,3
soil_humidity,53,8.833333333333334,0.9380782734670513,10571,2023,3
soil_humidity,54,9.0,0.9376751662700974,10569,2023,3
soil_humidity,55,9.166666666666666,0.9372337853700329,10572,2023,3
soil_humidity,56,9.333333333333334,0.9368492282161123,10569,2023,3
soil_humidity,57,9.5,0.9364183810237552,10567,2023,3
soil_humidity,58,9.666666666666666,0.9360419155723878,10564,2023,3
soil_humidity,59,9.833333333333334,0.9356227280810598,10563,2023,3
soil_humidity,60,10.0,0.9353211777326361,10564,2023,3
soil_humidity,61,10.166666666666666,0.934919302344809,10563,2023,3
soil_humidity,62,10.333333333333334,0.9345536018580105,10560,2023,3
soil_humidity,63,10.5,0.9342044519454643,10561,2023,3
soil_humidity,64,10.666666666666666,0.9338163082565387,10557,2023,3
soil_humidity,65,10.833333333333334,0.9336103487848781,10561,2023,3
soil_humidity,66,11.0,0.933669749321377,10560,2023,3
soil_humidity,67,11.166666666666666,0.93288217949452,10556,2023,3
soil_humidity,68,11.333333333333334,0.9328216810042051,10557,2023,3
soil_humidity,69,11.5,0.932629569503756,10554,2023,3
soil_humidity,70,11.666666666666666,0.9323682331908849,10561,2023,3
soil_humidity,71,11.833333333333334,0.932170563296673,10554,2023,3
soil_humidity,72,12.0,0.9318739685904825,10551,2023,3
soil_humidity,73,12.166666666666666,0.9316287098578865,10551,2023,3
soil_humidity,74,12.333333333333334,0.9312553430742417,10552,2023,3
soil_humidity,75,12.5,0.9307957535091633,10548,2023,3
soil_humidity,76,12.666666666666666,0.9303665540636209,10547,2023,3
soil_humidity,77,12.833333333333334,0.9300404642607277,10547,2023,3
soil_humidity,78,13.0,0.9297332838886834,10545,2023,3
soil_humidity,79,13.166666666666666,0.9295640062404422,10548,2023,3
soil_humidity,80,13.333333333333334,0.9292327059729044,10543,2023,3
soil_humidity,81,13.5,0.9288437646362995,10543,2023,3
soil_humidity,82,13.666666666666666,0.9284573557844117,10545,2023,3
soil_humidity,83,13.833333333333334,0.9279393813288775,10542,2023,3
soil_humidity,84,14.0,0.9276287783017627,10540,2023,3
soil_humidity,85,14.166666666666666,0.9272800748238811,10540,2023,3
soil_humidity,86,14.333333333333334,0.9269177236602459,10542,2023,3
soil_humidity,87,14.5,0.9265817383376214,10538,2023,3
soil_humidity,88,14.666666666666666,0.9262140135236295,10540,2023,3
soil_humidity,89,14.833333333333334,0.9259231844890359,10539,2023,3
soil_humidity,90,15.0,0.9256234309324319,10533,2023,3
soil_humidity,91,15.166666666666666,0.9253288460364852,10531,2023,3
soil_humidity,92,15.333333333333334,0.9250430569442687,10533,2023,3
soil_humidity,93,15.5,0.924669067829642,10530,2023,3
soil_humidity,94,15.666666666666666,0.9243786329586573,10527,2023,3
soil_humidity,95,15.833333333333334,0.9242220167217057,10530,2023,3
soil_humidity,96,16.0,0.9237915734611565,10528,2023,3
soil_humidity,97,16.166666666666668,0.9235310375602284,10525,2023,3
soil_humidity,98,16.333333333333332,0.923823502290102,10526,2023,3
soil_humidity,99,16.5,0.9229297974032433,10526,2023,3
soil_humidity,100,16.666666666666668,0.9226108253011966,10524,2023,3
soil_humidity,101,16.833333333333332,0.9224237189021501,10521,2023,3
soil_humidity,102,17.0,0.9222054862806157,10522,2023,3
soil_humidity,103,17.166666666666668,0.9219990943500039,10524,2023,3
soil_humidity,104,17.333333333333332,0.9217647562082042,10522,2023,3
soil_humidity,105,17.5,0.9215054441778288,10520,2023,3
soil_humidity,106,17.666666666666668,0.921255404379423,10518,2023,3
soil_humidity,107,17.833333333333332,0.921034182907168,10520,2023,3
soil_humidity,108,18.0,0.9207783967178398,10517,2023,3
soil_humidity,109,18.166666666666668,0.9205621861117473,10518,2023,3
soil_humidity,110,18.333333333333332,0.9201649846166434,10515,2023,3
soil_humidity,111,18.5,0.9199671939449008,10513,2023,3
soil_humidity,112,18.666666666666668,0.9196907590414735,10513,2023,3
soil_humidity,113,18.833333333333332,0.919208234649694,10510,2023,3
soil_humidity,114,19.0,0.9186770156188048,10509,2023,3
soil_humidity,115,19.166666666666668,0.9182227098669512,10508,2023,3
soil_humidity,116,19.333333333333332,0.9177718258071513,10510,2023,3
soil_humidity,117,19.5,0.9174242116703009,10508,2023,3
soil_humidity,118,19.666666666666668,0.9170854006836183,10505,2023,3
soil_humidity,119,19.833333333333332,0.916724495351351,10507,2023,3
soil_humidity,120,20.0,0.9164437632536838,10507,2023,3
soil_humidity,121,20.166666666666668,0.9163412645620406,10505,2023,3
soil_humidity,122,20.333333333333332,0.916188674594268,10499,2023,3
soil_humidity,123,20.5,0.9158595839407302,10501,2023,3
soil_humidity,124,20.666666666666668,0.9155636262293114,10498,2023,3
soil_humidity,125,20.833333333333332,0.9152625510008122,10500,2023,3
soil_humidity,126,21.0,0.9149609027612007,10500,2023,3
soil_humidity,127,21.166666666666668,0.9146647872874945,10497,2023,3
soil_humidity,128,21.333333333333332,0.9143965585381927,10496,2023,3
soil_humidity,129,21.5,0.9140902016209044,10497,2023,3
soil_humidity,130,21.666666666666668,0.9138584062024737,10494,2023,3
soil_humidity,131,21.833333333333332,0.9135912982425586,10494,2023,3
soil_humidity,132,22.0,0.913336746679337,10491,2023,3
soil_humidity,133,22.166666666666668,0.9130800082107198,10492,2023,3
soil_humidity,134,22.333333333333332,0.9127635307673232,10491,2023,3
soil_humidity,135,22.5,0.9123757075501668,10491,2023,3
soil_humidity,136,22.666666666666668,0.9120062736078343,10489,2023,3
soil_humidity,137,22.833333333333332,0.91187988826389,10491,2023,3
soil_humidity,138,23.0,0.9113237901097222,10488,2023,3
soil_humidity,139,23.166666666666668,0.9109796175903347,10487,2023,3
soil_humidity,140,23.333333333333332,0.910700608013606,10485,2023,3
soil_humidity,141,23.5,0.910517279076051,10487,2023,3
soil_humidity,142,23.666666666666668,0.9102597456950006,10484,2023,3
soil_humidity,143,23.833333333333332,0.909996421263523,10485,2023,3
soil_humidity,144,24.0,0.9096649775062164,10484,2023,3
env_temperature,1,0.16666666666666666,0.99672603865984,9177,2024,4
env_temperature,2,0.3333333333333333,0.9900281912165083,9167,2024,4
env_temperature,3,0.5,0.9811203011236738,9164,2024,4
env_temperature,4,0.6666666666666666,0.9704592803263218,9161,2024,4
env_temperature,5,0.8333333333333334,0.9579760991899667,9158,2024,4
env_temperature,6,1.0,0.9439954496724746,9151,2024,4
env_temperature,7,1.1666666666666667,0.928636204796496,9150,2024,4
env_temperature,8,1.3333333333333333,0.9120354486669459,9147,2024,4
env_temperature,9,1.5,0.8940865793494506,9142,2024,4
env_temperature,10,1.6666666666666667,0.8748646911698238,9137,2024,4
env_temperature,11,1.8333333333333333,0.8545247646531313,9133,2024,4
env_temperature,12,2.0,0.8333726994511456,9130,2024,4
env_temperature,13,2.1666666666666665,0.8116938065768052,9126,2024,4
env_temperature,14,2.3333333333333335,0.7890610396625762,9122,2024,4
env_temperature,15,2.5,0.7658840861096782,9119,2024,4
env_temperature,16,2.6666666666666665,0.7424320710909659,9116,2024,4
env_temperature,17,2.8333333333333335,0.7182656686018309,9109,2024,4
env_temperature,18,3.0,0.6937603451813884,9105,2024,4
env_temperature,19,3.1666666666666665,0.6690416857418829,9101,2024,4
env_temperature,20,3.3333333333333335,0.6440128055813266,9100,2024,4
env_temperature,21,3.5,0.6187511367251156,9097,2024,4
env_temperature,22,3.6666666666666665,0.592740508977468,9093,2024,4
env_temperature,23,3.8333333333333335,0.5664131453041584,9088,2024,4
env_temperature,24,4.0,0.5396413608494482,9083,2024,4
env_temperature,25,4.166666666666667,0.512680341126197,9078,2024,4
env_temperature,26,4.333333333333333,0.48549963436871374,9075,2024,4
env_temperature,27,4.5,0.45835992513304086,9071,2024,4
env_temperature,28,4.666666666666667,0.4310527488127948,9071,2024,4
env_temperature,29,4.833333333333333,0.4038786444253515,9066,2024,4
env_temperature,30,5.0,0.3762861789805235,9061,2024,4
env_temperature,31,5.166666666666667,0.34880680586113566,9057,2024,4
env_temperature,32,5.333333333333333,0.3211775159010683,9052,2024,4
env_temperature,33,5.5,0.2932430400955991,9047,2024,4
env_temperature,34,5.666666666666667,0.26471020485885655,9046,2024,4
env_temperature,35,5.833333333333333,0.2371550148469505,9041,2024,4
env_temperature,36,6.0,0.20900926440542295,9038,2024,4
env_temperature,37,6.166666666666667,0.18094723191415207,9034,2024,4
env_temperature,38,6.333333333333333,0.15281309694586614,9027,2024,4
env_temperature,39,6.5,0.12481899788637561,9025,2024,4
env_temperature,40,6.666666666666667,0.0969387497262648,9020,2024,4
env_temperature,41,6.833333333333333,0.06938387536659736,9017,2024,4
env_temperature,42,7.0,0.04143806428018787,9014,2024,4
env_temperature,43,7.166666666666667,0.014459982149364083,9009,2024,4
env_temperature,44,7.333333333333333,-0.012527840654331506,9006,2024,4
env_temperature,45,7.5,-0.039463444191604635,9004,2024,4
env_temperature,46,7.666666666666667,-0.06585018544918159,9001,2024,4
env_temperature,47,7.833333333333333,-0.0919476899318342,8997,2024,4
env_temperature,48,8.0,-0.1180526721105014,8994,2024,4
env_temperature,49,8.166666666666666,-0.14337328285607312,8989,2024,4
env_temperature,50,8.333333333333334,-0.16703817438431878,9036,2024,4
env_temperature,51,8.5,-0.19297160758531937,9008,2024,4
env_temperature,52,8.666666666666666,-0.21695486160050106,8980,2024,4
env_temperature,53,8.833333333333334,-0.24019941105974288,8979,2024,4
env_temperature,54,9.0,-0.26306876691827674,8976,2024,4
env_temperature,55,9.166666666666666,-0.2852134382858406,8976,2024,4
env_temperature,56,9.333333333333334,-0.30645242399830713,8971,2024,4
env_temperature,57,9.5,-0.3272812367449123,8967,2024,4
env_temperature,58,9.666666666666666,-0.34697332805134756,8963,2024,4
env_temperature,59,9.833333333333334,-0.3660479475478083,8963,2024,4
env_temperature,60,10.0,-0.384102167775301,8958,2024,4
env_temperature,61,10.166666666666666,-0.4012160154206695,8954,2024,4
env_temperature,62,10.333333333333334,-0.41664427194888937,8952,2024,4
env_temperature,63,10.5,-0.431499052117068,8948,2024,4
env_temperature,64,10.666666666666666,-0.44461630545387,8946,2024,4
env_temperature,65,10.833333333333334,-0.4565093895155853,8943,2024,4
env_temperature,66,11.0,-0.466894331006599,8940,2024,4
env_temperature,67,11.166666666666666,-0.4760571067933745,8937,2024,4
env_temperature,68,11.333333333333334,-0.4834904827184744,8934,2024,4
env_temperature,69,11.5,-0.489340309855446,8932,2024,4
env_temperature,70,11.666666666666666,-0.4935521828616194,8932,2024,4
env_temperature,71,11.833333333333334,-0.4958827563654353,8927,2024,4
env_temperature,72,12.0,-0.49714128892202525,8925,2024,4
env_temperature,73,12.166666666666666,-0.49669839750386996,8921,2024,4
env_temperature,74,12.333333333333334,-0.4948939785550278,8917,2024,4
env_temperature,75,12.5,-0.4912484888159093,8917,2024,4
env_temperature,76,12.666666666666666,-0.48575558580273875,8914,2024,4
env_temperature,77,12.833333333333334,-0.47834141929393004,8909,2024,4
env_temperature,78,13.0,-0.46935211101708496,8908,2024,4
env_temperature,79,13.166666666666666,-0.4590814653774311,8909,2024,4
env_temperature,80,13.333333333333334,-0.4476711866053196,8903,2024,4
env_temperature,81,13.5,-0.4351297329353891,8901,2024,4
env_temperature,82,13.666666666666666,-0.4211026522314827,8896,2024,4
env_temperature,83,13.833333333333334,-0.4058317367737021,8895,2024,4
env_temperature,84,14.0,-0.3894398415230362,8893,2024,4
env_temperature,85,14.166666666666666,-0.3715169333607771,8892,2024,4
env_temperature,86,14.333333333333334,-0.35345044757644584,8888,2024,4
env_temperature,87,14.5,-0.33424598829147373,8886,2024,4
env_temperature,88,14.666666666666666,-0.31489294825033776,8883,2024,4
env_temperature,89,14.833333333333334,-0.2939840898584529,8883,2024,4
env_temperature,90,15.0,-0.2729118513339125,8875,2024,4
env_temperature,91,15.166666666666666,-0.25090204125286514,8875,2024,4
env_temperature,92,15.333333333333334,-0.2282872240648056,8871,2024,4
env_temperature,93,15.5,-0.20525408000223658,8868,2024,4
env_temperature,94,15.666666666666666,-0.18199734433344775,8865,2024,4
env_temperature,95,15.833333333333334,-0.15808560933895463,8863,2024,4
env_temperature,96,16.0,-0.13390181934108492,8861,2024,4
env_temperature,97,16.166666666666668,-0.10946123632565458,8856,2024,4
env_temperature,98,16.333333333333332,-0.084491686378571,8855,2024,4
env_temperature,99,16.5,-0.05888869089020705,8849,2024,4
env_temperature,100,16.666666666666668,-0.03366680031772669,8875,2024,4
env_temperature,101,16.833333333333332,-0.0051205205076519985,8886,2024,4
env_temperature,102,17.0,0.01926041934837263,8841,2024,4
env_temperature,103,17.166666666666668,0.04539724286532605,8839,2024,4
env_temperature,104,17.333333333333332,0.0718029438879439,8836,2024,4
env_temperature,105,17.5,0.09872064186796206,8833,2024,4
env_temperature,106,17.666666666666668,0.1254883928324016,8831,2024,4
env_temperature,107,17.833333333333332,0.1524242323788468,8827,2024,4
env_temperature,108,18.0,0.17948509734420667,8827,2024,4
env_temperature,109,18.166666666666668,0.2059658981326489,8822,2024,4
env_temperature,110,18.333333333333332,0.23286687236835252,8822,2024,4
env_temperature,111,18.5,0.2589136212598573,8815,2024,4
env_temperature,112,18.666666666666668,0.28504207606816334,8812,2024,4
env_temperature,113,18.833333333333332,0.3114705857223979,8808,2024,4
env_temperature,114,19.0,0.33739217845901803,8809,2024,4
env_temperature,115,19.166666666666668,0.3633840586240861,8804,2024,4
env_temperature,116,19.333333333333332,0.38918191793749096,8801,2024,4
env_temperature,117,19.5,0.41429219610605905,8798,2024,4
env_temperature,118,19.666666666666668,0.4400654736814102,8794,2024,4
env_temperature,119,19.833333333333332,0.46470224043310965,8790,2024,4
env_temperature,120,20.0,0.48911707291596274,8788,2024,4
env_temperature,121,20.166666666666668,0.5132976515269885,8788,2024,4
env_temperature,122,20.333333333333332,0.5372935860344493,8786,2024,4
env_temperature,123,20.5,0.5607402360997976,8782,2024,4
env_temperature,124,20.666666666666668,0.5842474106603952,8776,2024,4
env_temperature,125,20.833333333333332,0.6069631082019697,8774,2024,4
env_temperature,126,21.0,0.6291198116810646,8770,2024,4
env_temperature,127,21.166666666666668,0.65069884822894,8768,2024,4
env_temperature,128,21.333333333333332,0.6715206008389895,8767,2024,4
env_temperature,129,21.5,0.6915375005648247,8768,2024,4
env_temperature,130,21.666666666666668,0.7112920009241105,8765,2024,4
env_temperature,131,21.833333333333332,0.7301171269068609,8759,2024,4
env_temperature,132,22.0,0.7481275794279967,8752,2024,4
env_temperature,133,22.166666666666668,0.7649385766933797,8749,2024,4
env_temperature,134,22.333333333333332,0.7809899740617353,8747,2024,4
env_temperature,135,22.5,0.7960612942879994,8747,2024,4
env_temperature,136,22.666666666666668,0.8098825443285943,8744,2024,4
env_temperature,137,22.833333333333332,0.8221954834592791,8741,2024,4
env_temperature,138,23.0,0.832934813727497,8735,2024,4
env_temperature,139,23.166666666666668,0.8423469978417876,8733,2024,4
env_temperature,140,23.333333333333332,0.8499150336150729,8729,2024,4
env_temperature,141,23.5,0.855894451993274,8727,2024,4
env_temperature,142,23.666666666666668,0.860080345248916,8724,2024,4
env_temperature,143,23.833333333333332,0.8625484887337143,8720,2024,4
env_temperature,144,24.0,0.8629934670639877,8716,2024,4
soil_humidity,1,0.16666666666666666,0.724919383534512,9175,2024,4
soil_humidity,2,0.3333333333333333,0.7787651434378269,9165,2024,4
soil_humidity,3,0.5,0.5620113829113893,9162,2024,4
soil_humidity,4,0.6666666666666666,0.5601090449499205,9159,2024,4
soil_humidity,5,0.8333333333333334,0.558446789653439,9156,2024,4
soil_humidity,6,1.0,0.5568164689676756,9149,2024,4
soil_humidity,7,1.1666666666666667,0.5557617084002361,9148,2024,4
soil_humidity,8,1.3333333333333333,0.5554141544923981,9145,2024,4
soil_humidity,9,1.5,0.5547636696563314,9140,2024,4
soil_humidity,10,1.6666666666666667,0.5543207072807811,9135,2024,4
soil_humidity,11,1.8333333333333333,0.5539259183570878,9131,2024,4
soil_humidity,12,2.0,0.5531211703856599,9128,2024,4
soil_humidity,13,2.1666666666666665,0.5517912990019694,9124,2024,4
soil_humidity,14,2.3333333333333335,0.5502598586576174,9120,2024,4
soil_humidity,15,2.5,0.5487222833705024,9118,2024,4
soil_humidity,16,2.6666666666666665,0.5473267582396578,9115,2024,4
soil_humidity,17,2.8333333333333335,0.545723369189047,9107,2024,4
soil_humidity,18,3.0,0.5447002474965246,9103,2024,4
soil_humidity,19,3.1666666666666665,0.5438122151217168,9099,2024,4
soil_humidity,20,3.3333333333333335,0.5428949491681273,9098,2024,4
soil_humidity,21,3.5,0.5415749799321569,9095,2024,4
soil_humidity,22,3.6666666666666665,0.5405497615160869,9091,2024,4
soil_humidity,23,3.8333333333333335,0.5399366499642527,9086,2024,4
soil_humidity,24,4.0,0.5393140144368213,9081,2024,4
soil_humidity,25,4.166666666666667,0.5381157122310454,9076,2024,4
soil_humidity,26,4.333333333333333,0.5379228719150935,9073,2024,4
soil_humidity,27,4.5,0.5365479566317355,9069,2024,4
soil_humidity,28,4.666666666666667,0.5365324406057914,9069,2024,4
soil_humidity,29,4.833333333333333,0.5341509935115656,9064,2024,4
soil_humidity,30,5.0,0.5336143059218176,9059,2024,4
soil_humidity,31,5.166666666666667,0.5318637714827458,9055,2024,4
soil_humidity,32,5.333333333333333,0.5317893642453126,9050,2024,4
soil_humidity,33,5.5,0.5307510531410057,9045,2024,4
soil_humidity,34,5.666666666666667,0.529835408580026,9044,2024,4
soil_humidity,35,5.833333333333333,0.5288802640482232,9039,2024,4
soil_humidity,36,6.0,0.5283228758477342,9036,2024,4
soil_humidity,37,6.166666666666667,0.5276382191846682,9032,2024,4
soil_humidity,38,6.333333333333333,0.5271980561425124,9025,2024,4
soil_humidity,39,6.5,0.5263410555934084,9023,2024,4
soil_humidity,40,6.666666666666667,0.5254488084429231,9018,2024,4
soil_humidity,41,6.833333333333333,0.5237054751459871,9015,2024,4
soil_humidity,42,7.0,0.5222309697483436,9012,2024,4
soil_humidity,43,7.166666666666667,0.5205992963559126,9007,2024,4
soil_humidity,44,7.333333333333333,0.5197263064294251,9004,2024,4
soil_humidity,45,7.5,0.5189210953821994,9002,2024,4
soil_humidity,46,7.666666666666667,0.5180805581987902,8999,2024,4
soil_humidity,47,7.833333333333333,0.5171629608346003,8995,2024,4
soil_humidity,48,8.0,0.5160349710758041,8992,2024,4
soil_humidity,49,8.166666666666666,0.588133991480786,8987,2024,4
soil_humidity,50,8.333333333333334,0.5833143170492424,9034,2024,4
soil_humidity,51,8.5,0.5885576191638779,9006,2024,4
soil_humidity,52,8.666666666666666,0.5806479991935071,8978,2024,4
soil_humidity,53,8.833333333333334,0.5121531038931564,8977,2024,4
soil_humidity,54,9.0,0.5105447944139682,8974,2024,4
soil_humidity,55,9.166666666666666,0.5092322497589328,8974,2024,4
soil_humidity,56,9.333333333333334,0.5079989666200543,8969,2024,4
soil_humidity,57,9.5,0.5069541212914588,8965,2024,4
soil_humidity,58,9.666666666666666,0.5062354498106484,8961,2024,4
soil_humidity,59,9.833333333333334,0.5058130321813217,8961,2024,4
soil_humidity,60,10.0,0.5049160199660522,8956,2024,4
soil_humidity,61,10.166666666666666,0.5037385808255173,8952,2024,4
soil_humidity,62,10.333333333333334,0.502940768083295,8950,2024,4
soil_humidity,63,10.5,0.5015073979274898,8946,2024,4
soil_humidity,64,10.666666666666666,0.5013409881579454,8944,2024,4
soil_humidity,65,10.833333333333334,0.5000481657992626,8941,2024,4
soil_humidity,66,11.0,0.49994807580213924,8938,2024,4
soil_humidity,67,11.166666666666666,0.49894341612556614,8935,2024,4
soil_humidity,68,11.333333333333334,0.49804910052132456,8932,2024,4
soil_humidity,69,11.5,0.4974098842236363,8930,2024,4
soil_humidity,70,11.666666666666666,0.497137324180988,8931,2024,4
soil_humidity,71,11.833333333333334,0.49632801057041975,8925,2024,4
soil_humidity,72,12.0,0.49559562966523635,8923,2024,4
soil_humidity,73,12.166666666666666,0.49486914229271833,8919,2024,4
soil_humidity,74,12.333333333333334,0.49387599580011776,8915,2024,4
soil_humidity,75,12.5,0.4935143347224882,8915,2024,4
soil_humidity,76,12.666666666666666,0.4931049809406916,8912,2024,4
soil_humidity,77,12.833333333333334,0.49313781351139696,8907,2024,4
soil_humidity,78,13.0,0.49279188649839967,8906,2024,4
soil_humidity,79,13.166666666666666,0.4921509585786136,8907,2024,4
soil_humidity,80,13.333333333333334,0.49142785385758125,8901,2024,4
soil_humidity,81,13.5,0.4895842289005045,8899,2024,4
soil_humidity,82,13.666666666666666,0.4883283795980879,8894,2024,4
soil_humidity,83,13.833333333333334,0.48747204620927725,8893,2024,4
soil_humidity,84,14.0,0.4867598034789586,8891,2024,4
soil_humidity,85,14.166666666666666,0.4860250167675331,8890,2024,4
soil_humidity,86,14.333333333333334,0.48535227113836354,8886,2024,4
soil_humidity,87,14.5,0.4861692472873846,8884,2024,4
soil_humidity,88,14.666666666666666,0.48667255865038805,8881,2024,4
soil_humidity,89,14.833333333333334,0.4875387327010157,8881,2024,4
soil_humidity,90,15.0,0.48672518349580635,8873,2024,4
soil_humidity,91,15.166666666666666,0.48606357618973234,8873,2024,4
soil_humidity,92,15.333333333333334,0.4854820981924022,8869,2024,4
soil_humidity,93,15.5,0.4841913037912929,8866,2024,4
soil_humidity,94,15.666666666666666,0.4831250841742034,8863,2024,4
soil_humidity,95,15.833333333333334,0.4822589365068833,8861,2024,4
soil_humidity,96,16.0,0.4816516673483947,8859,2024,4
soil_humidity,97,16.166666666666668,0.4814076487033166,8854,2024,4
soil_humidity,98,16.333333333333332,0.4812382966867116,8853,2024,4
soil_humidity,99,16.5,0.5544526917892081,8847,2024,4
soil_humidity,100,16.666666666666668,0.5424572306002041,8873,2024,4
soil_humidity,101,16.833333333333332,0.5555061676508601,8884,2024,4
soil_humidity,102,17.0,0.5408039840986244,8839,2024,4
soil_humidity,103,17.166666666666668,0.479626777860155,8837,2024,4
soil_humidity,104,17.333333333333332,0.4793140291584386,8834,2024,4
soil_humidity,105,17.5,0.4788208949739571,8831,2024,4
soil_humidity,106,17.666666666666668,0.4784663142358973,8829,2024,4
soil_humidity,107,17.833333333333332,0.4779716960191602,8825,2024,4
soil_humidity,108,18.0,0.4800806342024347,8825,2024,4
soil_humidity,109,18.166666666666668,0.47725610823566994,8820,2024,4
soil_humidity,110,18.333333333333332,0.4792181913001849,8820,2024,4
soil_humidity,111,18.5,0.47652064918532516,8813,2024,4
soil_humidity,112,18.666666666666668,0.4759937675423698,8810,2024,4
soil_humidity,113,18.833333333333332,0.4755021585565623,8806,2024,4
soil_humidity,114,19.0,0.47474166701769094,8807,2024,4
soil_humidity,115,19.166666666666668,0.4747239649712703,8802,2024,4
soil_humidity,116,19.333333333333332,0.4743328074574508,8799,2024,4
soil_humidity,117,19.5,0.474300178670307,8796,2024,4
soil_humidity,118,19.666666666666668,0.47376422339732693,8792,2024,4
soil_humidity,119,19.833333333333332,0.4735368760051258,8788,2024,4
soil_humidity,120,20.0,0.47301479764005244,8786,2024,4
soil_humidity,121,20.166666666666668,0.4728465499179318,8786,2024,4
soil_humidity,122,20.333333333333332,0.47258656453189535,8784,2024,4
soil_humidity,123,20.5,0.47258339889310247,8780,2024,4
soil_humidity,124,20.666666666666668,0.4721093099834836,8774,2024,4
soil_humidity,125,20.833333333333332,0.4718228461765362,8772,2024,4
soil_humidity,126,21.0,0.471422449574509,8768,2024,4
soil_humidity,127,21.166666666666668,0.47164506027268793,8766,2024,4
soil_humidity,128,21.333333333333332,0.4714230485606227,8765,2024,4
soil_humidity,129,21.5,0.47138160359454956,8767,2024,4
soil_humidity,130,21.666666666666668,0.4709923359069523,8763,2024,4
soil_humidity,131,21.833333333333332,0.4706726867583342,8757,2024,4
soil_humidity,132,22.0,0.4701651788202077,8750,2024,4
soil_humidity,133,22.166666666666668,0.46985563037718286,8747,2024,4
soil_humidity,134,22.333333333333332,0.46949667040353293,8745,2024,4
soil_humidity,135,22.5,0.4693595739160373,8745,2024,4
soil_humidity,136,22.666666666666668,0.4689572254455446,8742,2024,4
soil_humidity,137,22.833333333333332,0.4684638903690524,8739,2024,4
soil_humidity,138,23.0,0.46852160835005646,8733,2024,4
soil_humidity,139,23.166666666666668,0.4682976357355322,8731,2024,4
soil_humidity,140,23.333333333333332,0.4679216475498541,8727,2024,4
soil_humidity,141,23.5,0.5273356900400659,8725,2024,4
soil_humidity,142,23.666666666666668,0.46718198518873033,8722,2024,4
soil_humidity,143,23.833333333333332,0.5263980322884069,8718,2024,4
soil_humidity,144,24.0,0.4659550712051888,8714,2024,4
env_temperature,1,0.16666666666666666,0.99672603865984,9177,2024,2
env_temperature,2,0.3333333333333333,0.9900281912165083,9167,2024,2
env_temperature,3,0.5,0.9811203011236738,9164,2024,2
env_temperature,4,0.6666666666666666,0.9704592803263218,9161,2024,2
env_temperature,5,0.8333333333333334,0.9579760991899667,9158,2024,2
env_temperature,6,1.0,0.9439954496724746,9151,2024,2
env_temperature,7,1.1666666666666667,0.928636204796496,9150,2024,2
env_temperature,8,1.3333333333333333,0.9120354486669459,9147,2024,2
env_temperature,9,1.5,0.8940865793494506,9142,2024,2
env_temperature,10,1.6666666666666667,0.8748646911698238,9137,2024,2
env_temperature,11,1.8333333333333333,0.8545247646531313,9133,2024,2
env_temperature,12,2.0,0.8333726994511456,9130,2024,2
env_temperature,13,2.1666666666666665,0.8116938065768052,9126,2024,2
env_temperature,14,2.3333333333333335,0.7890610396625762,9122,2024,2
env_temperature,15,2.5,0.7658840861096782,9119,2024,2
env_temperature,16,2.6666666666666665,0.7424320710909659,9116,2024,2
env_temperature,17,2.8333333333333335,0.7182656686018309,9109,2024,2
env_temperature,18,3.0,0.6937603451813884,9105,2024,2
env_temperature,19,3.1666666666666665,0.6690416857418829,9101,2024,2
env_temperature,20,3.3333333333333335,0.6440128055813266,9100,2024,2
env_temperature,21,3.5,0.6187511367251156,9097,2024,2
env_temperature,22,3.6666666666666665,0.592740508977468,9093,2024,2
env_temperature,23,3.8333333333333335,0.5664131453041584,9088,2024,2
env_temperature,24,4.0,0.5396413608494482,9083,2024,2
env_temperature,25,4.166666666666667,0.512680341126197,9078,2024,2
env_temperature,26,4.333333333333333,0.48549963436871374,9075,2024,2
env_temperature,27,4.5,0.45835992513304086,9071,2024,2
env_temperature,28,4.666666666666667,0.4310527488127948,9071,2024,2
env_temperature,29,4.833333333333333,0.4038786444253515,9066,2024,2
env_temperature,30,5.0,0.3762861789805235,9061,2024,2
env_temperature,31,5.166666666666667,0.34880680586113566,9057,2024,2
env_temperature,32,5.333333333333333,0.3211775159010683,9052,2024,2
env_temperature,33,5.5,0.2932430400955991,9047,2024,2
env_temperature,34,5.666666666666667,0.26471020485885655,9046,2024,2
env_temperature,35,5.833333333333333,0.2371550148469505,9041,2024,2
env_temperature,36,6.0,0.20900926440542295,9038,2024,2
env_temperature,37,6.166666666666667,0.18094723191415207,9034,2024,2
env_temperature,38,6.333333333333333,0.15281309694586614,9027,2024,2
env_temperature,39,6.5,0.12481899788637561,9025,2024,2
env_temperature,40,6.666666666666667,0.0969387497262648,9020,2024,2
env_temperature,41,6.833333333333333,0.06938387536659736,9017,2024,2
env_temperature,42,7.0,0.04143806428018787,9014,2024,2
env_temperature,43,7.166666666666667,0.014459982149364083,9009,2024,2
env_temperature,44,7.333333333333333,-0.012527840654331506,9006,2024,2
env_temperature,45,7.5,-0.039463444191604635,9004,2024,2
env_temperature,46,7.666666666666667,-0.06585018544918159,9001,2024,2
env_temperature,47,7.833333333333333,-0.0919476899318342,8997,2024,2
env_temperature,48,8.0,-0.1180526721105014,8994,2024,2
env_temperature,49,8.166666666666666,-0.14337328285607312,8989,2024,2
env_temperature,50,8.333333333333334,-0.16703817438431878,9036,2024,2
env_temperature,51,8.5,-0.19297160758531937,9008,2024,2
env_temperature,52,8.666666666666666,-0.21695486160050106,8980,2024,2
env_temperature,53,8.833333333333334,-0.24019941105974288,8979,2024,2
env_temperature,54,9.0,-0.26306876691827674,8976,2024,2
env_temperature,55,9.166666666666666,-0.2852134382858406,8976,2024,2
env_temperature,56,9.333333333333334,-0.30645242399830713,8971,2024,2
env_temperature,57,9.5,-0.3272812367449123,8967,2024,2
env_temperature,58,9.666666666666666,-0.34697332805134756,8963,2024,2
env_temperature,59,9.833333333333334,-0.3660479475478083,8963,2024,2
env_temperature,60,10.0,-0.384102167775301,8958,2024,2
env_temperature,61,10.166666666666666,-0.4012160154206695,8954,2024,2
env_temperature,62,10.333333333333334,-0.41664427194888937,8952,2024,2
env_temperature,63,10.5,-0.431499052117068,8948,2024,2
env_temperature,64,10.666666666666666,-0.44461630545387,8946,2024,2
env_temperature,65,10.833333333333334,-0.4565093895155853,8943,2024,2
env_temperature,66,11.0,-0.466894331006599,8940,2024,2
env_temperature,67,11.166666666666666,-0.4760571067933745,8937,2024,2
env_temperature,68,11.333333333333334,-0.4834904827184744,8934,2024,2
env_temperature,69,11.5,-0.489340309855446,8932,2024,2
env_temperature,70,11.666666666666666,-0.4935521828616194,8932,2024,2
env_temperature,71,11.833333333333334,-0.4958827563654353,8927,2024,2
env_temperature,72,12.0,-0.49714128892202525,8925,2024,2
env_temperature,73,12.166666666666666,-0.49669839750386996,8921,2024,2
env_temperature,74,12.333333333333334,-0.4948939785550278,8917,2024,2
env_temperature,75,12.5,-0.4912484888159093,8917,2024,2
env_temperature,76,12.666666666666666,-0.48575558580273875,8914,2024,2
env_temperature,77,12.833333333333334,-0.47834141929393004,8909,2024,2
env_temperature,78,13.0,-0.46935211101708496,8908,2024,2
env_temperature,79,13.166666666666666,-0.4590814653774311,8909,2024,2
env_temperature,80,13.333333333333334,-0.4476711866053196,8903,2024,2
env_temperature,81,13.5,-0.4351297329353891,8901,2024,2
env_temperature,82,13.666666666666666,-0.4211026522314827,8896,2024,2
env_temperature,83,13.833333333333334,-0.4058317367737021,8895,2024,2
env_temperature,84,14.0,-0.3894398415230362,8893,2024,2
env_temperature,85,14.166666666666666,-0.3715169333607771,8892,2024,2
env_temperature,86,14.333333333333334,-0.35345044757644584,8888,2024,2
env_temperature,87,14.5,-0.33424598829147373,8886,2024,2
env_temperature,88,14.666666666666666,-0.31489294825033776,8883,2024,2
env_temperature,89,14.833333333333334,-0.2939840898584529,8883,2024,2
env_temperature,90,15.0,-0.2729118513339125,8875,2024,2
env_temperature,91,15.166666666666666,-0.25090204125286514,8875,2024,2
env_temperature,92,15.333333333333334,-0.2282872240648056,8871,2024,2
env_temperature,93,15.5,-0.20525408000223658,8868,2024,2
env_temperature,94,15.666666666666666,-0.18199734433344775,8865,2024,2
env_temperature,95,15.833333333333334,-0.15808560933895463,8863,2024,2
env_temperature,96,16.0,-0.13390181934108492,8861,2024,2
env_temperature,97,16.166666666666668,-0.10946123632565458,8856,2024,2
env_temperature,98,16.333333333333332,-0.084491686378571,8855,2024,2
env_temperature,99,16.5,-0.05888869089020705,8849,2024,2
env_temperature,100,16.666666666666668,-0.03366680031772669,8875,2024,2
env_temperature,101,16.833333333333332,-0.0051205205076519985,8886,2024,2
env_temperature,102,17.0,0.01926041934837263,8841,2024,2
env_temperature,103,17.166666666666668,0.04539724286532605,8839,2024,2
env_temperature,104,17.333333333333332,0.0718029438879439,8836,2024,2
env_temperature,105,17.5,0.09872064186796206,8833,2024,2
env_temperature,106,17.666666666666668,0.1254883928324016,8831,2024,2
env_temperature,107,17.833333333333332,0.1524242323788468,8827,2024,2
env_temperature,108,18.0,0.17948509734420667,8827,2024,2
env_temperature,109,18.166666666666668,0.2059658981326489,8822,2024,2
env_temperature,110,18.333333333333332,0.23286687236835252,8822,2024,2
env_temperature,111,18.5,0.2589136212598573,8815,2024,2
env_temperature,112,18.666666666666668,0.28504207606816334,8812,2024,2
env_temperature,113,18.833333333333332,0.3114705857223979,8808,2024,2
env_temperature,114,19.0,0.33739217845901803,8809,2024,2
env_temperature,115,19.166666666666668,0.3633840586240861,8804,2024,2
env_temperature,116,19.333333333333332,0.38918191793749096,8801,2024,2
env_temperature,117,19.5,0.41429219610605905,8798,2024,2
env_temperature,118,19.666666666666668,0.4400654736814102,8794,2024,2
env_temperature,119,19.833333333333332,0.46470224043310965,8790,2024,2
env_temperature,120,20.0,0.48911707291596274,8788,2024,2
env_temperature,121,20.166666666666668,0.5132976515269885,8788,2024,2
env_temperature,122,20.333333333333332,0.5372935860344493,8786,2024,2
env_temperature,123,20.5,0.5607402360997976,8782,2024,2
env_temperature,124,20.666666666666668,0.5842474106603952,8776,2024,2
env_temperature,125,20.833333333333332,0.6069631082019697,8774,2024,2
env_temperature,126,21.0,0.6291198116810646,8770,2024,2
env_temperature,127,21.166666666666668,0.65069884822894,8768,2024,2
env_temperature,128,21.333333333333332,0.6715206008389895,8767,2024,2
env_temperature,129,21.5,0.6915375005648247,8768,2024,2
env_temperature,130,21.666666666666668,0.7112920009241105,8765,2024,2
env_temperature,131,21.833333333333332,0.7301171269068609,8759,2024,2
env_temperature,132,22.0,0.7481275794279967,8752,2024,2
env_temperature,133,22.166666666666668,0.7649385766933797,8749,2024,2
env_temperature,134,22.333333333333332,0.7809899740617353,8747,2024,2
env_temperature,135,22.5,0.7960612942879994,8747,2024,2
env_temperature,136,22.666666666666668,0.8098825443285943,8744,2024,2
env_temperature,137,22.833333333333332,0.8221954834592791,8741,2024,2
env_temperature,138,23.0,0.832934813727497,8735,2024,2
env_temperature,139,23.166666666666668,0.8423469978417876,8733,2024,2
env_temperature,140,23.333333333333332,0.8499150336150729,8729,2024,2
env_temperature,141,23.5,0.855894451993274,8727,2024,2
env_temperature,142,23.666666666666668,0.860080345248916,8724,2024,2
env_temperature,143,23.833333333333332,0.8625484887337143,8720,2024,2
env_temperature,144,24.0,0.8629934670639877,8716,2024,2
soil_humidity,1,0.16666666666666666,0.9984834820375966,9173,2024,2
soil_humidity,2,0.3333333333333333,0.996573975517345,9163,2024,2
soil_humidity,3,0.5,0.9944194523203653,9160,2024,2
soil_humidity,4,0.6666666666666666,0.9923057304940587,9157,2024,2
soil_humidity,5,0.8333333333333334,0.9896161418472533,9154,2024,2
soil_humidity,6,1.0,0.9873169072231238,9147,2024,2
soil_humidity,7,1.1666666666666667,0.9851579059682878,9147,2024,2
soil_humidity,8,1.3333333333333333,0.983118680643767,9143,2024,2
soil_humidity,9,1.5,0.9808804565975453,9138,2024,2
soil_humidity,10,1.6666666666666667,0.9789667719168934,9134,2024,2
soil_humidity,11,1.8333333333333333,0.9774873230680748,9129,2024,2
soil_humidity,12,2.0,0.9760846378295457,9126,2024,2
soil_humidity,13,2.1666666666666665,0.9747077025764437,9122,2024,2
soil_humidity,14,2.3333333333333335,0.9734030761698945,9118,2024,2
soil_humidity,15,2.5,0.9721199154826217,9115,2024,2
soil_humidity,16,2.6666666666666665,0.9706025863853001,9112,2024,2
soil_humidity,17,2.8333333333333335,0.9691034030953878,9105,2024,2
soil_humidity,18,3.0,0.9676769805770044,9101,2024,2
soil_humidity,19,3.1666666666666665,0.9665597395303607,9097,2024,2
soil_humidity,20,3.3333333333333335,0.9657185115230631,9096,2024,2
soil_humidity,21,3.5,0.9646864326281754,9093,2024,2
soil_humidity,22,3.6666666666666665,0.9640394356309621,9089,2024,2
soil_humidity,23,3.8333333333333335,0.9629986351822845,9084,2024,2
soil_humidity,24,4.0,0.9619072420249789,9079,2024,2
soil_humidity,25,4.166666666666667,0.9608625010911086,9074,2024,2
soil_humidity,26,4.333333333333333,0.959787065202343,9071,2024,2
soil_humidity,27,4.5,0.9586621903264055,9067,2024,2
soil_humidity,28,4.666666666666667,0.9576120776682022,9067,2024,2
soil_humidity,29,4.833333333333333,0.9565129731426727,9062,2024,2
soil_humidity,30,5.0,0.9549972998313923,9057,2024,2
soil_humidity,31,5.166666666666667,0.9538120805814992,9053,2024,2
soil_humidity,32,5.333333333333333,0.9524295984615171,9048,2024,2
soil_humidity,33,5.5,0.9513363225773571,9043,2024,2
soil_humidity,34,5.666666666666667,0.9503158961872825,9042,2024,2
soil_humidity,35,5.833333333333333,0.949301824251102,9037,2024,2
soil_humidity,36,6.0,0.948285782391702,9034,2024,2
soil_humidity,37,6.166666666666667,0.9472654946782016,9030,2024,2
soil_humidity,38,6.333333333333333,0.9462907547763189,9023,2024,2
soil_humidity,39,6.5,0.9452822301223911,9021,2024,2
soil_humidity,40,6.666666666666667,0.9442690732501509,9016,2024,2
soil_humidity,41,6.833333333333333,0.9432943281774403,9013,2024,2
soil_humidity,42,7.0,0.9424267265209293,9010,2024,2
soil_humidity,43,7.166666666666667,0.9414181380331655,9005,2024,2
soil_humidity,44,7.333333333333333,0.9405179532239327,9003,2024,2
soil_humidity,45,7.5,0.9395218025223525,9000,2024,2
soil_humidity,46,7.666666666666667,0.9385710962875762,8997,2024,2
soil_humidity,47,7.833333333333333,0.9376347237394225,8993,2024,2
soil_humidity,48,8.0,0.9367164174527879,8990,2024,2
soil_humidity,49,8.166666666666666,0.9357863441213047,8985,2024,2
soil_humidity,50,8.333333333333334,0.9349681060621206,9032,2024,2
soil_humidity,51,8.5,0.9341055740420157,9004,2024,2
soil_humidity,52,8.666666666666666,0.9330771689152598,8976,2024,2
soil_humidity,53,8.833333333333334,0.9321703252340319,8975,2024,2
soil_humidity,54,9.0,0.9312880753131846,8972,2024,2
soil_humidity,55,9.166666666666666,0.9304151223241474,8972,2024,2
soil_humidity,56,9.333333333333334,0.9294968393559226,8967,2024,2
soil_humidity,57,9.5,0.9285483206897803,8964,2024,2
soil_humidity,58,9.666666666666666,0.9276807604564967,8959,2024,2
soil_humidity,59,9.833333333333334,0.9268074480239517,8959,2024,2
soil_humidity,60,10.0,0.9259841644959249,8954,2024,2
soil_humidity,61,10.166666666666666,0.925214980389396,8950,2024,2
soil_humidity,62,10.333333333333334,0.9243647003152823,8948,2024,2
soil_humidity,63,10.5,0.923537970242037,8944,2024,2
soil_humidity,64,10.666666666666666,0.9227251724651421,8942,2024,2
soil_humidity,65,10.833333333333334,0.921894295485306,8939,2024,2
soil_humidity,66,11.0,0.9210155258361511,8936,2024,2
soil_humidity,67,11.166666666666666,0.9201528051623507,8933,2024,2
soil_humidity,68,11.333333333333334,0.9193406296084333,8930,2024,2
soil_humidity,69,11.5,0.9185343856699808,8928,2024,2
soil_humidity,70,11.666666666666666,0.9180868484153026,8928,2024,2
soil_humidity,71,11.833333333333334,0.9173672929718707,8924,2024,2
soil_humidity,72,12.0,0.9170855160357163,8922,2024,2
soil_humidity,73,12.166666666666666,0.9163354526978611,8918,2024,2
soil_humidity,74,12.333333333333334,0.9155226296802044,8914,2024,2
soil_humidity,75,12.5,0.9146923681162676,8914,2024,2
soil_humidity,76,12.666666666666666,0.9138135950240673,8911,2024,2
soil_humidity,77,12.833333333333334,0.9133177863052966,8906,2024,2
soil_humidity,78,13.0,0.9123989475941288,8905,2024,2
soil_humidity,79,13.166666666666666,0.9115802290556492,8906,2024,2
soil_humidity,80,13.333333333333334,0.9102234742942737,8900,2024,2
soil_humidity,81,13.5,0.9092827462336305,8898,2024,2
soil_humidity,82,13.666666666666666,0.9080920232152756,8893,2024,2
soil_humidity,83,13.833333333333334,0.9071624969242317,8892,2024,2
soil_humidity,84,14.0,0.906292921349971,8890,2024,2
soil_humidity,85,14.166666666666666,0.9058254429561281,8889,2024,2
soil_humidity,86,14.333333333333334,0.9048624133872852,8885,2024,2
soil_humidity,87,14.5,0.9036757477126609,8883,2024,2
soil_humidity,88,14.666666666666666,0.9025130484457379,8880,2024,2
soil_humidity,89,14.833333333333334,0.9021674515284405,8880,2024,2
soil_humidity,90,15.0,0.9014403209886513,8872,2024,2
soil_humidity,91,15.166666666666666,0.9010965600634065,8872,2024,2
soil_humidity,92,15.333333333333334,0.9004550086495973,8868,2024,2
soil_humidity,93,15.5,0.8996578247040429,8865,2024,2
soil_humidity,94,15.666666666666666,0.8988891788628455,8862,2024,2
soil_humidity,95,15.833333333333334,0.8981437641803597,8860,2024,2
soil_humidity,96,16.0,0.8974501534470121,8858,2024,2
soil_humidity,97,16.166666666666668,0.8967086414654892,8853,2024,2
soil_humidity,98,16.333333333333332,0.8959938160612263,8852,2024,2
soil_humidity,99,16.5,0.8952666512614939,8846,2024,2
soil_humidity,100,16.666666666666668,0.895174895077506,8872,2024,2
soil_humidity,101,16.833333333333332,0.8946441778013295,8883,2024,2
soil_humidity,102,17.0,0.8937264224515443,8838,2024,2
soil_humidity,103,17.166666666666668,0.8929933079429594,8836,2024,2
soil_humidity,104,17.333333333333332,0.8923567793873294,8833,2024,2
soil_humidity,105,17.5,0.891645886485331,8830,2024,2
soil_humidity,106,17.666666666666668,0.8908528243765685,8828,2024,2
soil_humidity,107,17.833333333333332,0.8900683848208524,8825,2024,2
soil_humidity,108,18.0,0.8894064377728429,8824,2024,2
soil_humidity,109,18.166666666666668,0.8885423686878656,8819,2024,2
soil_humidity,110,18.333333333333332,0.8876439705668024,8819,2024,2
soil_humidity,111,18.5,0.8868831753521653,8812,2024,2
soil_humidity,112,18.666666666666668,0.8861785415016559,8809,2024,2
soil_humidity,113,18.833333333333332,0.8855319612851021,8806,2024,2
soil_humidity,114,19.0,0.8848212638218209,8806,2024,2
soil_humidity,115,19.166666666666668,0.8841776344246864,8801,2024,2
soil_humidity,116,19.333333333333332,0.8835066744689262,8798,2024,2
soil_humidity,117,19.5,0.8827935538626669,8795,2024,2
soil_humidity,118,19.666666666666668,0.882058994463354,8791,2024,2
soil_humidity,119,19.833333333333332,0.8814255922156038,8787,2024,2
soil_humidity,120,20.0,0.8810717235019326,8785,2024,2
soil_humidity,121,20.166666666666668,0.8805443192742586,8785,2024,2
soil_humidity,122,20.333333333333332,0.8803381829008742,8783,2024,2
soil_humidity,123,20.5,0.879743202367585,8779,2024,2
soil_humidity,124,20.666666666666668,0.8791477386268952,8773,2024,2
soil_humidity,125,20.833333333333332,0.8786390989795185,8771,2024,2
soil_humidity,126,21.0,0.8780479727340964,8767,2024,2
soil_humidity,127,21.166666666666668,0.8773697777243719,8765,2024,2
soil_humidity,128,21.333333333333332,0.8766543123445588,8764,2024,2
soil_humidity,129,21.5,0.875969417143528,8765,2024,2
soil_humidity,130,21.666666666666668,0.8747146122882552,8763,2024,2
soil_humidity,131,21.833333333333332,0.8738794694021481,8756,2024,2
soil_humidity,132,22.0,0.8728060659444267,8749,2024,2
soil_humidity,133,22.166666666666668,0.8721344901606762,8746,2024,2
soil_humidity,134,22.333333333333332,0.8714554825062619,8744,2024,2
soil_humidity,135,22.5,0.8708235206670326,8744,2024,2
soil_humidity,136,22.666666666666668,0.8706522496391542,8741,2024,2
soil_humidity,137,22.833333333333332,0.8705067005445645,8738,2024,2
soil_humidity,138,23.0,0.8699291255016225,8732,2024,2
soil_humidity,139,23.166666666666668,0.8693358951584148,8730,2024,2
soil_humidity,140,23.333333333333332,0.868726748584293,8726,2024,2
soil_humidity,141,23.5,0.8680627572770465,8724,2024,2
soil_humidity,142,23.666666666666668,0.8672583911751053,8721,2024,2
soil_humidity,143,23.833333333333332,0.8665010239604419,8717,2024,2
soil_humidity,144,24.0,0.8660957049143032,8713,2024,2
env_temperature,1,0.16666666666666666,0.99672603865984,9177,2024,1
env_temperature,2,0.3333333333333333,0.9900281912165083,9167,2024,1
env_temperature,3,0.5,0.9811203011236738,9164,2024,1
env_temperature,4,0.6666666666666666,0.9704592803263218,9161,2024,1
env_temperature,5,0.8333333333333334,0.9579760991899667,9158,2024,1
env_temperature,6,1.0,0.9439954496724746,9151,2024,1
env_temperature,7,1.1666666666666667,0.928636204796496,9150,2024,1
env_temperature,8,1.3333333333333333,0.9120354486669459,9147,2024,1
env_temperature,9,1.5,0.8940865793494506,9142,2024,1
env_temperature,10,1.6666666666666667,0.8748646911698238,9137,2024,1
env_temperature,11,1.8333333333333333,0.8545247646531313,9133,2024,1
env_temperature,12,2.0,0.8333726994511456,9130,2024,1
env_temperature,13,2.1666666666666665,0.8116938065768052,9126,2024,1
env_temperature,14,2.3333333333333335,0.7890610396625762,9122,2024,1
env_temperature,15,2.5,0.7658840861096782,9119,2024,1
env_temperature,16,2.6666666666666665,0.7424320710909659,9116,2024,1
env_temperature,17,2.8333333333333335,0.7182656686018309,9109,2024,1
env_temperature,18,3.0,0.6937603451813884,9105,2024,1
env_temperature,19,3.1666666666666665,0.6690416857418829,9101,2024,1
env_temperature,20,3.3333333333333335,0.6440128055813266,9100,2024,1
env_temperature,21,3.5,0.6187511367251156,9097,2024,1
env_temperature,22,3.6666666666666665,0.592740508977468,9093,2024,1
env_temperature,23,3.8333333333333335,0.5664131453041584,9088,2024,1
env_temperature,24,4.0,0.5396413608494482,9083,2024,1
env_temperature,25,4.166666666666667,0.512680341126197,9078,2024,1
env_temperature,26,4.333333333333333,0.48549963436871374,9075,2024,1
env_temperature,27,4.5,0.45835992513304086,9071,2024,1
env_temperature,28,4.666666666666667,0.4310527488127948,9071,2024,1
env_temperature,29,4.833333333333333,0.4038786444253515,9066,2024,1
env_temperature,30,5.0,0.3762861789805235,9061,2024,1
env_temperature,31,5.166666666666667,0.34880680586113566,9057,2024,1
env_temperature,32,5.333333333333333,0.3211775159010683,9052,2024,1
env_temperature,33,5.5,0.2932430400955991,9047,2024,1
env_temperature,34,5.666666666666667,0.26471020485885655,9046,2024,1
env_temperature,35,5.833333333333333,0.2371550148469505,9041,2024,1
env_temperature,36,6.0,0.20900926440542295,9038,2024,1
env_temperature,37,6.166666666666667,0.18094723191415207,9034,2024,1
env_temperature,38,6.333333333333333,0.15281309694586614,9027,2024,1
env_temperature,39,6.5,0.12481899788637561,9025,2024,1
env_temperature,40,6.666666666666667,0.0969387497262648,9020,2024,1
env_temperature,41,6.833333333333333,0.06938387536659736,9017,2024,1
env_temperature,42,7.0,0.04143806428018787,9014,2024,1
env_temperature,43,7.166666666666667,0.014459982149364083,9009,2024,1
env_temperature,44,7.333333333333333,-0.012527840654331506,9006,2024,1
env_temperature,45,7.5,-0.039463444191604635,9004,2024,1
env_temperature,46,7.666666666666667,-0.06585018544918159,9001,2024,1
env_temperature,47,7.833333333333333,-0.0919476899318342,8997,2024,1
env_temperature,48,8.0,-0.1180526721105014,8994,2024,1
env_temperature,49,8.166666666666666,-0.14337328285607312,8989,2024,1
env_temperature,50,8.333333333333334,-0.16703817438431878,9036,2024,1
env_temperature,51,8.5,-0.19297160758531937,9008,2024,1
env_temperature,52,8.666666666666666,-0.21695486160050106,8980,2024,1
env_temperature,53,8.833333333333334,-0.24019941105974288,8979,2024,1
env_temperature,54,9.0,-0.26306876691827674,8976,2024,1
env_temperature,55,9.166666666666666,-0.2852134382858406,8976,2024,1
env_temperature,56,9.333333333333334,-0.30645242399830713,8971,2024,1
env_temperature,57,9.5,-0.3272812367449123,8967,2024,1
env_temperature,58,9.666666666666666,-0.34697332805134756,8963,2024,1
env_temperature,59,9.833333333333334,-0.3660479475478083,8963,2024,1
env_temperature,60,10.0,-0.384102167775301,8958,2024,1
env_temperature,61,10.166666666666666,-0.4012160154206695,8954,2024,1
env_temperature,62,10.333333333333334,-0.41664427194888937,8952,2024,1
env_temperature,63,10.5,-0.431499052117068,8948,2024,1
env_temperature,64,10.666666666666666,-0.44461630545387,8946,2024,1
env_temperature,65,10.833333333333334,-0.4565093895155853,8943,2024,1
env_temperature,66,11.0,-0.466894331006599,8940,2024,1
env_temperature,67,11.166666666666666,-0.4760571067933745,8937,2024,1
env_temperature,68,11.333333333333334,-0.4834904827184744,8934,2024,1
env_temperature,69,11.5,-0.489340309855446,8932,2024,1
env_temperature,70,11.666666666666666,-0.4935521828616194,8932,2024,1
env_temperature,71,11.833333333333334,-0.4958827563654353,8927,2024,1
env_temperature,72,12.0,-0.49714128892202525,8925,2024,1
env_temperature,73,12.166666666666666,-0.49669839750386996,8921,2024,1
env_temperature,74,12.333333333333334,-0.4948939785550278,8917,2024,1
env_temperature,75,12.5,-0.4912484888159093,8917,2024,1
env_temperature,76,12.666666666666666,-0.48575558580273875,8914,2024,1
env_temperature,77,12.833333333333334,-0.47834141929393004,8909,2024,1
env_temperature,78,13.0,-0.46935211101708496,8908,2024,1
env_temperature,79,13.166666666666666,-0.4590814653774311,8909,2024,1
env_temperature,80,13.333333333333334,-0.4476711866053196,8903,2024,1
env_temperature,81,13.5,-0.4351297329353891,8901,2024,1
env_temperature,82,13.666666666666666,-0.4211026522314827,8896,2024,1
env_temperature,83,13.833333333333334,-0.4058317367737021,8895,2024,1
env_temperature,84,14.0,-0.3894398415230362,8893,2024,1
env_temperature,85,14.166666666666666,-0.3715169333607771,8892,2024,1
env_temperature,86,14.333333333333334,-0.35345044757644584,8888,2024,1
env_temperature,87,14.5,-0.33424598829147373,8886,2024,1
env_temperature,88,14.666666666666666,-0.31489294825033776,8883,2024,1
env_temperature,89,14.833333333333334,-0.2939840898584529,8883,2024,1
env_temperature,90,15.0,-0.2729118513339125,8875,2024,1
env_temperature,91,15.166666666666666,-0.25090204125286514,8875,2024,1
env_temperature,92,15.333333333333334,-0.2282872240648056,8871,2024,1
env_temperature,93,15.5,-0.20525408000223658,8868,2024,1
env_temperature,94,15.666666666666666,-0.18199734433344775,8865,2024,1
env_temperature,95,15.833333333333334,-0.15808560933895463,8863,2024,1
env_temperature,96,16.0,-0.13390181934108492,8861,2024,1
env_temperature,97,16.166666666666668,-0.10946123632565458,8856,2024,1
env_temperature,98,16.333333333333332,-0.084491686378571,8855,2024,1
env_temperature,99,16.5,-0.05888869089020705,8849,2024,1
env_temperature,100,16.666666666666668,-0.03366680031772669,8875,2024,1
env_temperature,101,16.833333333333332,-0.0051205205076519985,8886,2024,1
env_temperature,102,17.0,0.01926041934837263,8841,2024,1
env_temperature,103,17.166666666666668,0.04539724286532605,8839,2024,1
env_temperature,104,17.333333333333332,0.0718029438879439,8836,2024,1
env_temperature,105,17.5,0.09872064186796206,8833,2024,1
env_temperature,106,17.666666666666668,0.1254883928324016,8831,2024,1
env_temperature,107,17.833333333333332,0.1524242323788468,8827,2024,1
env_temperature,108,18.0,0.17948509734420667,8827,2024,1
env_temperature,109,18.166666666666668,0.2059658981326489,8822,2024,1
env_temperature,110,18.333333333333332,0.23286687236835252,8822,2024,1
env_temperature,111,18.5,0.2589136212598573,8815,2024,1
env_temperature,112,18.666666666666668,0.28504207606816334,8812,2024,1
env_temperature,113,18.833333333333332,0.3114705857223979,8808,2024,1
env_temperature,114,19.0,0.33739217845901803,8809,2024,1
env_temperature,115,19.166666666666668,0.3633840586240861,8804,2024,1
env_temperature,116,19.333333333333332,0.38918191793749096,8801,2024,1
env_temperature,117,19.5,0.41429219610605905,8798,2024,1
env_temperature,118,19.666666666666668,0.4400654736814102,8794,2024,1
env_temperature,119,19.833333333333332,0.46470224043310965,8790,2024,1
env_temperature,120,20.0,0.48911707291596274,8788,2024,1
env_temperature,121,20.166666666666668,0.5132976515269885,8788,2024,1
env_temperature,122,20.333333333333332,0.5372935860344493,8786,2024,1
env_temperature,123,20.5,0.5607402360997976,8782,2024,1
env_temperature,124,20.666666666666668,0.5842474106603952,8776,2024,1
env_temperature,125,20.833333333333332,0.6069631082019697,8774,2024,1
env_temperature,126,21.0,0.6291198116810646,8770,2024,1
env_temperature,127,21.166666666666668,0.65069884822894,8768,2024,1
env_temperature,128,21.333333333333332,0.6715206008389895,8767,2024,1
env_temperature,129,21.5,0.6915375005648247,8768,2024,1
env_temperature,130,21.666666666666668,0.7112920009241105,8765,2024,1
env_temperature,131,21.833333333333332,0.7301171269068609,8759,2024,1
env_temperature,132,22.0,0.7481275794279967,8752,2024,1
env_temperature,133,22.166666666666668,0.7649385766933797,8749,2024,1
env_temperature,134,22.333333333333332,0.7809899740617353,8747,2024,1
env_temperature,135,22.5,0.7960612942879994,8747,2024,1
env_temperature,136,22.666666666666668,0.8098825443285943,8744,2024,1
env_temperature,137,22.833333333333332,0.8221954834592791,8741,2024,1
env_temperature,138,23.0,0.832934813727497,8735,2024,1
env_temperature,139,23.166666666666668,0.8423469978417876,8733,2024,1
env_temperature,140,23.333333333333332,0.8499150336150729,8729,2024,1
env_temperature,141,23.5,0.855894451993274,8727,2024,1
env_temperature,142,23.666666666666668,0.860080345248916,8724,2024,1
env_temperature,143,23.833333333333332,0.8625484887337143,8720,2024,1
env_temperature,144,24.0,0.8629934670639877,8716,2024,1
soil_humidity,1,0.16666666666666666,0.994771278494974,9175,2024,1
soil_humidity,2,0.3333333333333333,0.9898488503209719,9163,2024,1
soil_humidity,3,0.5,0.9855112482178119,9160,2024,1
soil_humidity,4,0.6666666666666666,0.9813312732098798,9157,2024,1
soil_humidity,5,0.8333333333333334,0.9763690786658001,9154,2024,1
soil_humidity,6,1.0,0.9715146379321299,9147,2024,1
soil_humidity,7,1.1666666666666667,0.9663659372486199,9146,2024,1
soil_humidity,8,1.3333333333333333,0.9614707611998524,9143,2024,1
soil_humidity,9,1.5,0.9566415005700866,9138,2024,1
soil_humidity,10,1.6666666666666667,0.9524462584284062,9133,2024,1
soil_humidity,11,1.8333333333333333,0.9478742677204337,9129,2024,1
soil_humidity,12,2.0,0.9436142618032105,9126,2024,1
soil_humidity,13,2.1666666666666665,0.9397902873603996,9122,2024,1
soil_humidity,14,2.3333333333333335,0.935867766845566,9118,2024,1
soil_humidity,15,2.5,0.9325921248933602,9115,2024,1
soil_humidity,16,2.6666666666666665,0.9289128537815292,9112,2024,1
soil_humidity,17,2.8333333333333335,0.9254457547918674,9105,2024,1
soil_humidity,18,3.0,0.9220271347114367,9101,2024,1
soil_humidity,19,3.1666666666666665,0.9194840869945007,9097,2024,1
soil_humidity,20,3.3333333333333335,0.916699355114054,9096,2024,1
soil_humidity,21,3.5,0.9146181549215273,9093,2024,1
soil_humidity,22,3.6666666666666665,0.9120292322493817,9089,2024,1
soil_humidity,23,3.8333333333333335,0.9093341529956214,9084,2024,1
soil_humidity,24,4.0,0.9067530974272271,9079,2024,1
soil_humidity,25,4.166666666666667,0.9032084721142204,9074,2024,1
soil_humidity,26,4.333333333333333,0.900185831578913,9071,2024,1
soil_humidity,27,4.5,0.8966140138239039,9067,2024,1
soil_humidity,28,4.666666666666667,0.8935009309115589,9067,2024,1
soil_humidity,29,4.833333333333333,0.890664083537013,9062,2024,1
soil_humidity,30,5.0,0.8880931151350403,9057,2024,1
soil_humidity,31,5.166666666666667,0.8857820167903511,9053,2024,1
soil_humidity,32,5.333333333333333,0.8836837544850933,9048,2024,1
soil_humidity,33,5.5,0.8815539706049864,9043,2024,1
soil_humidity,34,5.666666666666667,0.8793005161487434,9042,2024,1
soil_humidity,35,5.833333333333333,0.8764408886433882,9037,2024,1
soil_humidity,36,6.0,0.8743069256826025,9034,2024,1
soil_humidity,37,6.166666666666667,0.8716883983820042,9030,2024,1
soil_humidity,38,6.333333333333333,0.8702868836926824,9023,2024,1
soil_humidity,39,6.5,0.8680785789059008,9021,2024,1
soil_humidity,40,6.666666666666667,0.8658201202258624,9016,2024,1
soil_humidity,41,6.833333333333333,0.8643333030365277,9014,2024,1
soil_humidity,42,7.0,0.8629167625137955,9010,2024,1
soil_humidity,43,7.166666666666667,0.8611242430114316,9005,2024,1
soil_humidity,44,7.333333333333333,0.8602112153110368,9002,2024,1
soil_humidity,45,7.5,0.8590773151515186,9000,2024,1
soil_humidity,46,7.666666666666667,0.8584928425949471,8997,2024,1
soil_humidity,47,7.833333333333333,0.8574167394802249,8993,2024,1
soil_humidity,48,8.0,0.8550516949129171,8990,2024,1
soil_humidity,49,8.166666666666666,0.8530821198522051,8985,2024,1
soil_humidity,50,8.333333333333334,0.8517480481097108,9032,2024,1
soil_humidity,51,8.5,0.8503597471480774,9004,2024,1
soil_humidity,52,8.666666666666666,0.8482390407027012,8976,2024,1
soil_humidity,53,8.833333333333334,0.8466381752706368,8975,2024,1
soil_humidity,54,9.0,0.8452148533189555,8972,2024,1
soil_humidity,55,9.166666666666666,0.8441674632432176,8972,2024,1
soil_humidity,56,9.333333333333334,0.8421708585425529,8967,2024,1
soil_humidity,57,9.5,0.8400876105554963,8963,2024,1
soil_humidity,58,9.666666666666666,0.8378886909799166,8959,2024,1
soil_humidity,59,9.833333333333334,0.8356827702259776,8959,2024,1
soil_humidity,60,10.0,0.833929234533121,8954,2024,1
soil_humidity,61,10.166666666666666,0.8327422940113635,8950,2024,1
soil_humidity,62,10.333333333333334,0.8315536897654268,8948,2024,1
soil_humidity,63,10.5,0.830480797408125,8944,2024,1
soil_humidity,64,10.666666666666666,0.8281343241025282,8942,2024,1
soil_humidity,65,10.833333333333334,0.8266400670152687,8939,2024,1
soil_humidity,66,11.0,0.825079059712683,8936,2024,1
soil_humidity,67,11.166666666666666,0.8234551754490187,8933,2024,1
soil_humidity,68,11.333333333333334,0.8221321099895412,8930,2024,1
soil_humidity,69,11.5,0.8210845534133067,8928,2024,1
soil_humidity,70,11.666666666666666,0.8197800322208705,8928,2024,1
soil_humidity,71,11.833333333333334,0.8183180335643206,8923,2024,1
soil_humidity,72,12.0,0.8168097094539394,8921,2024,1
soil_humidity,73,12.166666666666666,0.8152869911065729,8917,2024,1
soil_humidity,74,12.333333333333334,0.8135331565237987,8913,2024,1
soil_humidity,75,12.5,0.8124526432184233,8913,2024,1
soil_humidity,76,12.666666666666666,0.8109215476707365,8910,2024,1
soil_humidity,77,12.833333333333334,0.8088523478238233,8905,2024,1
soil_humidity,78,13.0,0.8070794353819984,8904,2024,1
soil_humidity,79,13.166666666666666,0.8060132098891353,8905,2024,1
soil_humidity,80,13.333333333333334,0.8042762543547063,8900,2024,1
soil_humidity,81,13.5,0.8024581447813719,8897,2024,1
soil_humidity,82,13.666666666666666,0.8006510794389063,8892,2024,1
soil_humidity,83,13.833333333333334,0.7987259480466564,8891,2024,1
soil_humidity,84,14.0,0.7972559966732772,8889,2024,1
soil_humidity,85,14.166666666666666,0.7957781545461793,8888,2024,1
soil_humidity,86,14.333333333333334,0.7942104536365656,8885,2024,1
soil_humidity,87,14.5,0.7929962851319339,8882,2024,1
soil_humidity,88,14.666666666666666,0.7930942961772007,8879,2024,1
soil_humidity,89,14.833333333333334,0.7919433303377252,8879,2024,1
soil_humidity,90,15.0,0.7893502223493936,8871,2024,1
soil_humidity,91,15.166666666666666,0.7881624034617923,8871,2024,1
soil_humidity,92,15.333333333333334,0.7869390418613808,8867,2024,1
soil_humidity,93,15.5,0.7858748423653505,8864,2024,1
soil_humidity,94,15.666666666666666,0.7849280458503367,8861,2024,1
soil_humidity,95,15.833333333333334,0.7841505091093883,8859,2024,1
soil_humidity,96,16.0,0.783079560520373,8857,2024,1
soil_humidity,97,16.166666666666668,0.7820727483704474,8852,2024,1
soil_humidity,98,16.333333333333332,0.7811271284651169,8851,2024,1
soil_humidity,99,16.5,0.7801537390847847,8845,2024,1
soil_humidity,100,16.666666666666668,0.7795454340285838,8871,2024,1
soil_humidity,101,16.833333333333332,0.7790128240095168,8883,2024,1
soil_humidity,102,17.0,0.7777038135917973,8837,2024,1
soil_humidity,103,17.166666666666668,0.7767009389000444,8835,2024,1
soil_humidity,104,17.333333333333332,0.7756999250759093,8832,2024,1
soil_humidity,105,17.5,0.7748686765880886,8829,2024,1
soil_humidity,106,17.666666666666668,0.7740675861473044,8827,2024,1
soil_humidity,107,17.833333333333332,0.7733011355464765,8823,2024,1
soil_humidity,108,18.0,0.7725191558990981,8823,2024,1
soil_humidity,109,18.166666666666668,0.7714956753437437,8818,2024,1
soil_humidity,110,18.333333333333332,0.7705883277555642,8818,2024,1
soil_humidity,111,18.5,0.7700205337609402,8811,2024,1
soil_humidity,112,18.666666666666668,0.769693206774575,8808,2024,1
soil_humidity,113,18.833333333333332,0.7690464554253653,8804,2024,1
soil_humidity,114,19.0,0.7680965942394004,8805,2024,1
soil_humidity,115,19.166666666666668,0.7675901369500595,8800,2024,1
soil_humidity,116,19.333333333333332,0.7668993523284171,8797,2024,1
soil_humidity,117,19.5,0.7663023286187292,8794,2024,1
soil_humidity,118,19.666666666666668,0.7654561878800986,8790,2024,1
soil_humidity,119,19.833333333333332,0.7650322750657546,8786,2024,1
soil_humidity,120,20.0,0.764608541992899,8784,2024,1
soil_humidity,121,20.166666666666668,0.7642280348706784,8784,2024,1
soil_humidity,122,20.333333333333332,0.763590955350971,8782,2024,1
soil_humidity,123,20.5,0.7631439116874605,8778,2024,1
soil_humidity,124,20.666666666666668,0.7626731540103444,8772,2024,1
soil_humidity,125,20.833333333333332,0.7626438394950115,8770,2024,1
soil_humidity,126,21.0,0.7619671150786507,8766,2024,1
soil_humidity,127,21.166666666666668,0.7624106202909854,8764,2024,1
soil_humidity,128,21.333333333333332,0.7613163256278332,8763,2024,1
soil_humidity,129,21.5,0.761023457789409,8764,2024,1
soil_humidity,130,21.666666666666668,0.7608914880059341,8761,2024,1
soil_humidity,131,21.833333333333332,0.760521568135341,8755,2024,1
soil_humidity,132,22.0,0.7597989530214649,8748,2024,1
soil_humidity,133,22.166666666666668,0.7594933508248538,8745,2024,1
soil_humidity,134,22.333333333333332,0.7596513488287707,8743,2024,1
soil_humidity,135,22.5,0.7595873895523935,8743,2024,1
soil_humidity,136,22.666666666666668,0.7594332386280945,8740,2024,1
soil_humidity,137,22.833333333333332,0.7593448853260788,8737,2024,1
soil_humidity,138,23.0,0.7598872571643082,8731,2024,1
soil_humidity,139,23.166666666666668,0.7593731824433959,8729,2024,1
soil_humidity,140,23.333333333333332,0.7586085424935868,8725,2024,1
soil_humidity,141,23.5,0.7585674379201618,8723,2024,1
soil_humidity,142,23.666666666666668,0.7576931009503471,8721,2024,1
soil_humidity,143,23.833333333333332,0.7568850903759361,8716,2024,1
soil_humidity,144,24.0,0.7555679629638793,8712,2024,1
env_temperature,1,0.16666666666666666,0.99672603865984,9177,2024,5
env_temperature,2,0.3333333333333333,0.9900281912165083,9167,2024,5
env_temperature,3,0.5,0.9811203011236738,9164,2024,5
env_temperature,4,0.6666666666666666,0.9704592803263218,9161,2024,5
env_temperature,5,0.8333333333333334,0.9579760991899667,9158,2024,5
env_temperature,6,1.0,0.9439954496724746,9151,2024,5
env_temperature,7,1.1666666666666667,0.928636204796496,9150,2024,5
env_temperature,8,1.3333333333333333,0.9120354486669459,9147,2024,5
env_temperature,9,1.5,0.8940865793494506,9142,2024,5
env_temperature,10,1.6666666666666667,0.8748646911698238,9137,2024,5
env_temperature,11,1.8333333333333333,0.8545247646531313,9133,2024,5
env_temperature,12,2.0,0.8333726994511456,9130,2024,5
env_temperature,13,2.1666666666666665,0.8116938065768052,9126,2024,5
env_temperature,14,2.3333333333333335,0.7890610396625762,9122,2024,5
env_temperature,15,2.5,0.7658840861096782,9119,2024,5
env_temperature,16,2.6666666666666665,0.7424320710909659,9116,2024,5
env_temperature,17,2.8333333333333335,0.7182656686018309,9109,2024,5
env_temperature,18,3.0,0.6937603451813884,9105,2024,5
env_temperature,19,3.1666666666666665,0.6690416857418829,9101,2024,5
env_temperature,20,3.3333333333333335,0.6440128055813266,9100,2024,5
env_temperature,21,3.5,0.6187511367251156,9097,2024,5
env_temperature,22,3.6666666666666665,0.592740508977468,9093,2024,5
env_temperature,23,3.8333333333333335,0.5664131453041584,9088,2024,5
env_temperature,24,4.0,0.5396413608494482,9083,2024,5
env_temperature,25,4.166666666666667,0.512680341126197,9078,2024,5
env_temperature,26,4.333333333333333,0.48549963436871374,9075,2024,5
env_temperature,27,4.5,0.45835992513304086,9071,2024,5
env_temperature,28,4.666666666666667,0.4310527488127948,9071,2024,5
env_temperature,29,4.833333333333333,0.4038786444253515,9066,2024,5
env_temperature,30,5.0,0.3762861789805235,9061,2024,5
env_temperature,31,5.166666666666667,0.34880680586113566,9057,2024,5
env_temperature,32,5.333333333333333,0.3211775159010683,9052,2024,5
env_temperature,33,5.5,0.2932430400955991,9047,2024,5
env_temperature,34,5.666666666666667,0.26471020485885655,9046,2024,5
env_temperature,35,5.833333333333333,0.2371550148469505,9041,2024,5
env_temperature,36,6.0,0.20900926440542295,9038,2024,5
env_temperature,37,6.166666666666667,0.18094723191415207,9034,2024,5
env_temperature,38,6.333333333333333,0.15281309694586614,9027,2024,5
env_temperature,39,6.5,0.12481899788637561,9025,2024,5
env_temperature,40,6.666666666666667,0.0969387497262648,9020,2024,5
env_temperature,41,6.833333333333333,0.06938387536659736,9017,2024,5
env_temperature,42,7.0,0.04143806428018787,9014,2024,5
env_temperature,43,7.166666666666667,0.014459982149364083,9009,2024,5
env_temperature,44,7.333333333333333,-0.012527840654331506,9006,2024,5
env_temperature,45,7.5,-0.039463444191604635,9004,2024,5
env_temperature,46,7.666666666666667,-0.06585018544918159,9001,2024,5
env_temperature,47,7.833333333333333,-0.0919476899318342,8997,2024,5
env_temperature,48,8.0,-0.1180526721105014,8994,2024,5
env_temperature,49,8.166666666666666,-0.14337328285607312,8989,2024,5
env_temperature,50,8.333333333333334,-0.16703817438431878,9036,2024,5
env_temperature,51,8.5,-0.19297160758531937,9008,2024,5
env_temperature,52,8.666666666666666,-0.21695486160050106,8980,2024,5
env_temperature,53,8.833333333333334,-0.24019941105974288,8979,2024,5
env_temperature,54,9.0,-0.26306876691827674,8976,2024,5
env_temperature,55,9.166666666666666,-0.2852134382858406,8976,2024,5
env_temperature,56,9.333333333333334,-0.30645242399830713,8971,2024,5
env_temperature,57,9.5,-0.3272812367449123,8967,2024,5
env_temperature,58,9.666666666666666,-0.34697332805134756,8963,2024,5
env_temperature,59,9.833333333333334,-0.3660479475478083,8963,2024,5
env_temperature,60,10.0,-0.384102167775301,8958,2024,5
env_temperature,61,10.166666666666666,-0.4012160154206695,8954,2024,5
env_temperature,62,10.333333333333334,-0.41664427194888937,8952,2024,5
env_temperature,63,10.5,-0.431499052117068,8948,2024,5
env_temperature,64,10.666666666666666,-0.44461630545387,8946,2024,5
env_temperature,65,10.833333333333334,-0.4565093895155853,8943,2024,5
env_temperature,66,11.0,-0.466894331006599,8940,2024,5
env_temperature,67,11.166666666666666,-0.4760571067933745,8937,2024,5
env_temperature,68,11.333333333333334,-0.4834904827184744,8934,2024,5
env_temperature,69,11.5,-0.489340309855446,8932,2024,5
env_temperature,70,11.666666666666666,-0.4935521828616194,8932,2024,5
env_temperature,71,11.833333333333334,-0.4958827563654353,8927,2024,5
env_temperature,72,12.0,-0.49714128892202525,8925,2024,5
env_temperature,73,12.166666666666666,-0.49669839750386996,8921,2024,5
env_temperature,74,12.333333333333334,-0.4948939785550278,8917,2024,5
env_temperature,75,12.5,-0.4912484888159093,8917,2024,5
env_temperature,76,12.666666666666666,-0.48575558580273875,8914,2024,5
env_temperature,77,12.833333333333334,-0.47834141929393004,8909,2024,5
env_temperature,78,13.0,-0.46935211101708496,8908,2024,5
env_temperature,79,13.166666666666666,-0.4590814653774311,8909,2024,5
env_temperature,80,13.333333333333334,-0.4476711866053196,8903,2024,5
env_temperature,81,13.5,-0.4351297329353891,8901,2024,5
env_temperature,82,13.666666666666666,-0.4211026522314827,8896,2024,5
env_temperature,83,13.833333333333334,-0.4058317367737021,8895,2024,5
env_temperature,84,14.0,-0.3894398415230362,8893,2024,5
env_temperature,85,14.166666666666666,-0.3715169333607771,8892,2024,5
env_temperature,86,14.333333333333334,-0.35345044757644584,8888,2024,5
env_temperature,87,14.5,-0.33424598829147373,8886,2024,5
env_temperature,88,14.666666666666666,-0.31489294825033776,8883,2024,5
env_temperature,89,14.833333333333334,-0.2939840898584529,8883,2024,5
env_temperature,90,15.0,-0.2729118513339125,8875,2024,5
env_temperature,91,15.166666666666666,-0.25090204125286514,8875,2024,5
env_temperature,92,15.333333333333334,-0.2282872240648056,8871,2024,5
env_temperature,93,15.5,-0.20525408000223658,8868,2024,5
env_temperature,94,15.666666666666666,-0.18199734433344775,8865,2024,5
env_temperature,95,15.833333333333334,-0.15808560933895463,8863,2024,5
env_temperature,96,16.0,-0.13390181934108492,8861,2024,5
env_temperature,97,16.166666666666668,-0.10946123632565458,8856,2024,5
env_temperature,98,16.333333333333332,-0.084491686378571,8855,2024,5
env_temperature,99,16.5,-0.05888869089020705,8849,2024,5
env_temperature,100,16.666666666666668,-0.03366680031772669,8875,2024,5
env_temperature,101,16.833333333333332,-0.0051205205076519985,8886,2024,5
env_temperature,102,17.0,0.01926041934837263,8841,2024,5
env_temperature,103,17.166666666666668,0.04539724286532605,8839,2024,5
env_temperature,104,17.333333333333332,0.0718029438879439,8836,2024,5
env_temperature,105,17.5,0.09872064186796206,8833,2024,5
env_temperature,106,17.666666666666668,0.1254883928324016,8831,2024,5
env_temperature,107,17.833333333333332,0.1524242323788468,8827,2024,5
env_temperature,108,18.0,0.17948509734420667,8827,2024,5
env_temperature,109,18.166666666666668,0.2059658981326489,8822,2024,5
env_temperature,110,18.333333333333332,0.23286687236835252,8822,2024,5
env_temperature,111,18.5,0.2589136212598573,8815,2024,5
env_temperature,112,18.666666666666668,0.28504207606816334,8812,2024,5
env_temperature,113,18.833333333333332,0.3114705857223979,8808,2024,5
env_temperature,114,19.0,0.33739217845901803,8809,2024,5
env_temperature,115,19.166666666666668,0.3633840586240861,8804,2024,5
env_temperature,116,19.333333333333332,0.38918191793749096,8801,2024,5
env_temperature,117,19.5,0.41429219610605905,8798,2024,5
env_temperature,118,19.666666666666668,0.4400654736814102,8794,2024,5
env_temperature,119,19.833333333333332,0.46470224043310965,8790,2024,5
env_temperature,120,20.0,0.48911707291596274,8788,2024,5
env_temperature,121,20.166666666666668,0.5132976515269885,8788,2024,5
env_temperature,122,20.333333333333332,0.5372935860344493,8786,2024,5
env_temperature,123,20.5,0.5607402360997976,8782,2024,5
env_temperature,124,20.666666666666668,0.5842474106603952,8776,2024,5
env_temperature,125,20.833333333333332,0.6069631082019697,8774,2024,5
env_temperature,126,21.0,0.6291198116810646,8770,2024,5
env_temperature,127,21.166666666666668,0.65069884822894,8768,2024,5
env_temperature,128,21.333333333333332,0.6715206008389895,8767,2024,5
env_temperature,129,21.5,0.6915375005648247,8768,2024,5
env_temperature,130,21.666666666666668,0.7112920009241105,8765,2024,5
env_temperature,131,21.833333333333332,0.7301171269068609,8759,2024,5
env_temperature,132,22.0,0.7481275794279967,8752,2024,5
env_temperature,133,22.166666666666668,0.7649385766933797,8749,2024,5
env_temperature,134,22.333333333333332,0.7809899740617353,8747,2024,5
env_temperature,135,22.5,0.7960612942879994,8747,2024,5
env_temperature,136,22.666666666666668,0.8098825443285943,8744,2024,5
env_temperature,137,22.833333333333332,0.8221954834592791,8741,2024,5
env_temperature,138,23.0,0.832934813727497,8735,2024,5
env_temperature,139,23.166666666666668,0.8423469978417876,8733,2024,5
env_temperature,140,23.333333333333332,0.8499150336150729,8729,2024,5
env_temperature,141,23.5,0.855894451993274,8727,2024,5
env_temperature,142,23.666666666666668,0.860080345248916,8724,2024,5
env_temperature,143,23.833333333333332,0.8625484887337143,8720,2024,5
env_temperature,144,24.0,0.8629934670639877,8716,2024,5
soil_humidity,1,0.16666666666666666,0.9838066876300332,9173,2024,5
soil_humidity,2,0.3333333333333333,0.9783732582779588,9163,2024,5
soil_humidity,3,0.5,0.9702630950624388,9161,2024,5
soil_humidity,4,0.6666666666666666,0.9642210506091901,9157,2024,5
soil_humidity,5,0.8333333333333334,0.956847252204799,9154,2024,5
soil_humidity,6,1.0,0.9520851349341343,9147,2024,5
soil_humidity,7,1.1666666666666667,0.9449018711373921,9146,2024,5
soil_humidity,8,1.3333333333333333,0.9380089300624198,9143,2024,5
soil_humidity,9,1.5,0.9297220547950541,9138,2024,5
soil_humidity,10,1.6666666666666667,0.9234864344661247,9133,2024,5
soil_humidity,11,1.8333333333333333,0.9164973658391161,9129,2024,5
soil_humidity,12,2.0,0.9112819537780698,9126,2024,5
soil_humidity,13,2.1666666666666665,0.9060047283797172,9122,2024,5
soil_humidity,14,2.3333333333333335,0.9009623705889993,9118,2024,5
soil_humidity,15,2.5,0.8962618543769222,9115,2024,5
soil_humidity,16,2.6666666666666665,0.8916299529576155,9112,2024,5
soil_humidity,17,2.8333333333333335,0.88747867545968,9105,2024,5
soil_humidity,18,3.0,0.88494138607388,9101,2024,5
soil_humidity,19,3.1666666666666665,0.8826200361801456,9097,2024,5
soil_humidity,20,3.3333333333333335,0.8813951582773049,9096,2024,5
soil_humidity,21,3.5,0.8802722809579514,9093,2024,5
soil_humidity,22,3.6666666666666665,0.8792692588440975,9089,2024,5
soil_humidity,23,3.8333333333333335,0.8767299485051865,9084,2024,5
soil_humidity,24,4.0,0.8744829869936966,9079,2024,5
soil_humidity,25,4.166666666666667,0.8724269347762954,9074,2024,5
soil_humidity,26,4.333333333333333,0.8686327300020562,9071,2024,5
soil_humidity,27,4.5,0.8656698805977164,9068,2024,5
soil_humidity,28,4.666666666666667,0.8625923957423501,9067,2024,5
soil_humidity,29,4.833333333333333,0.8594020902745222,9062,2024,5
soil_humidity,30,5.0,0.8554464473642076,9057,2024,5
soil_humidity,31,5.166666666666667,0.8510639998597997,9053,2024,5
soil_humidity,32,5.333333333333333,0.8474202836472092,9048,2024,5
soil_humidity,33,5.5,0.8444136847691311,9043,2024,5
soil_humidity,34,5.666666666666667,0.8419095508349249,9042,2024,5
soil_humidity,35,5.833333333333333,0.8388529712709258,9037,2024,5
soil_humidity,36,6.0,0.8363399426399349,9034,2024,5
soil_humidity,37,6.166666666666667,0.8340104528873592,9030,2024,5
soil_humidity,38,6.333333333333333,0.8313438498437261,9023,2024,5
soil_humidity,39,6.5,0.8292947416815565,9021,2024,5
soil_humidity,40,6.666666666666667,0.826689008085271,9016,2024,5
soil_humidity,41,6.833333333333333,0.8243868575968053,9013,2024,5
soil_humidity,42,7.0,0.8225034534998027,9011,2024,5
soil_humidity,43,7.166666666666667,0.8197495152729435,9005,2024,5
soil_humidity,44,7.333333333333333,0.8175323725170959,9002,2024,5
soil_humidity,45,7.5,0.8146852193112238,9000,2024,5
soil_humidity,46,7.666666666666667,0.8144143052183996,8997,2024,5
soil_humidity,47,7.833333333333333,0.8110840500856,8994,2024,5
soil_humidity,48,8.0,0.8083362162124755,8990,2024,5
soil_humidity,49,8.166666666666666,0.8057776502176239,8985,2024,5
soil_humidity,50,8.333333333333334,0.8034598113263075,9032,2024,5
soil_humidity,51,8.5,0.8015651227341526,9004,2024,5
soil_humidity,52,8.666666666666666,0.7981806867586216,8976,2024,5
soil_humidity,53,8.833333333333334,0.7963117472158159,8975,2024,5
soil_humidity,54,9.0,0.7942774380643133,8973,2024,5
soil_humidity,55,9.166666666666666,0.7912784594878846,8972,2024,5
soil_humidity,56,9.333333333333334,0.7899361815480511,8967,2024,5
soil_humidity,57,9.5,0.7882518550775285,8963,2024,5
soil_humidity,58,9.666666666666666,0.7859526094668713,8959,2024,5
soil_humidity,59,9.833333333333334,0.783146663383299,8959,2024,5
soil_humidity,60,10.0,0.7803934518587378,8954,2024,5
soil_humidity,61,10.166666666666666,0.7781148695741616,8950,2024,5
soil_humidity,62,10.333333333333334,0.7761483954755966,8948,2024,5
soil_humidity,63,10.5,0.7738898543944456,8944,2024,5
soil_humidity,64,10.666666666666666,0.7711427638941968,8942,2024,5
soil_humidity,65,10.833333333333334,0.7695496231700608,8939,2024,5
soil_humidity,66,11.0,0.7671353735630115,8936,2024,5
soil_humidity,67,11.166666666666666,0.764885540575224,8933,2024,5
soil_humidity,68,11.333333333333334,0.762427076615478,8931,2024,5
soil_humidity,69,11.5,0.7597329682771921,8928,2024,5
soil_humidity,70,11.666666666666666,0.7589100678593105,8928,2024,5
soil_humidity,71,11.833333333333334,0.7577072635752231,8923,2024,5
soil_humidity,72,12.0,0.7570632721928362,8921,2024,5
soil_humidity,73,12.166666666666666,0.7552945397783902,8917,2024,5
soil_humidity,74,12.333333333333334,0.7531363627837302,8913,2024,5
soil_humidity,75,12.5,0.7524347250158013,8913,2024,5
soil_humidity,76,12.666666666666666,0.7508991890088701,8911,2024,5
soil_humidity,77,12.833333333333334,0.7492018354172049,8905,2024,5
soil_humidity,78,13.0,0.7461771004242455,8904,2024,5
soil_humidity,79,13.166666666666666,0.7429550632042169,8905,2024,5
soil_humidity,80,13.333333333333334,0.7395064314560013,8899,2024,5
soil_humidity,81,13.5,0.7350044354777172,8897,2024,5
soil_humidity,82,13.666666666666666,0.7319797146255215,8892,2024,5
soil_humidity,83,13.833333333333334,0.7286923073741712,8891,2024,5
soil_humidity,84,14.0,0.7261583223637671,8889,2024,5
soil_humidity,85,14.166666666666666,0.725780693149991,8888,2024,5
soil_humidity,86,14.333333333333334,0.7239545368797526,8884,2024,5
soil_humidity,87,14.5,0.7237758795593413,8882,2024,5
soil_humidity,88,14.666666666666666,0.7238652038166994,8879,2024,5
soil_humidity,89,14.833333333333334,0.7231684508145242,8879,2024,5
soil_humidity,90,15.0,0.7226895704529743,8871,2024,5
soil_humidity,91,15.166666666666666,0.7218446091029437,8871,2024,5
soil_humidity,92,15.333333333333334,0.7218046899842123,8867,2024,5
soil_humidity,93,15.5,0.7216404274555024,8864,2024,5
soil_humidity,94,15.666666666666666,0.7203064211312041,8861,2024,5
soil_humidity,95,15.833333333333334,0.7201533414999043,8859,2024,5
soil_humidity,96,16.0,0.7197158597950575,8857,2024,5
soil_humidity,97,16.166666666666668,0.7201288266911389,8853,2024,5
soil_humidity,98,16.333333333333332,0.7207392720844203,8851,2024,5
soil_humidity,99,16.5,0.7205523164892939,8845,2024,5
soil_humidity,100,16.666666666666668,0.7215430188649493,8871,2024,5
soil_humidity,101,16.833333333333332,0.7211434498978598,8882,2024,5
soil_humidity,102,17.0,0.7211921321517248,8837,2024,5
soil_humidity,103,17.166666666666668,0.7201106132890112,8835,2024,5
soil_humidity,104,17.333333333333332,0.719095322002836,8833,2024,5
soil_humidity,105,17.5,0.7186215415782017,8829,2024,5
soil_humidity,106,17.666666666666668,0.71751002467485,8827,2024,5
soil_humidity,107,17.833333333333332,0.7163707299039483,8823,2024,5
soil_humidity,108,18.0,0.7155601040232246,8823,2024,5
soil_humidity,109,18.166666666666668,0.7145302831636798,8818,2024,5
soil_humidity,110,18.333333333333332,0.7139706000796661,8818,2024,5
soil_humidity,111,18.5,0.7136685763852126,8811,2024,5
soil_humidity,112,18.666666666666668,0.7136337283995567,8808,2024,5
soil_humidity,113,18.833333333333332,0.7131646136375431,8804,2024,5
soil_humidity,114,19.0,0.7136353470918358,8806,2024,5
soil_humidity,115,19.166666666666668,0.7134966152071089,8800,2024,5
soil_humidity,116,19.333333333333332,0.7130428119695607,8797,2024,5
soil_humidity,117,19.5,0.7131145949693912,8794,2024,5
soil_humidity,118,19.666666666666668,0.7131202920769001,8790,2024,5
soil_humidity,119,19.833333333333332,0.7134097664409975,8786,2024,5
soil_humidity,120,20.0,0.714462294257843,8784,2024,5
soil_humidity,121,20.166666666666668,0.7157063597703719,8784,2024,5
soil_humidity,122,20.333333333333332,0.7168701775890783,8782,2024,5
soil_humidity,123,20.5,0.7161985641186223,8778,2024,5
soil_humidity,124,20.666666666666668,0.7173148147198197,8773,2024,5
soil_humidity,125,20.833333333333332,0.7164039800532482,8770,2024,5
soil_humidity,126,21.0,0.7173312267371752,8766,2024,5
soil_humidity,127,21.166666666666668,0.716362773638862,8764,2024,5
soil_humidity,128,21.333333333333332,0.7145919920822601,8763,2024,5
soil_humidity,129,21.5,0.7137363141029388,8764,2024,5
soil_humidity,130,21.666666666666668,0.7114522812475632,8761,2024,5
soil_humidity,131,21.833333333333332,0.7102905150536283,8755,2024,5
soil_humidity,132,22.0,0.7094234512229876,8748,2024,5
soil_humidity,133,22.166666666666668,0.7089364512856468,8745,2024,5
soil_humidity,134,22.333333333333332,0.710242474396071,8743,2024,5
soil_humidity,135,22.5,0.7118727717910401,8744,2024,5
soil_humidity,136,22.666666666666668,0.7132229017687719,8740,2024,5
soil_humidity,137,22.833333333333332,0.7142583532096808,8737,2024,5
soil_humidity,138,23.0,0.7142522017029675,8731,2024,5
soil_humidity,139,23.166666666666668,0.7144348232147335,8729,2024,5
soil_humidity,140,23.333333333333332,0.7141143155351891,8725,2024,5
soil_humidity,141,23.5,0.7143159168221068,8723,2024,5
soil_humidity,142,23.666666666666668,0.714400604246535,8720,2024,5
soil_humidity,143,23.833333333333332,0.713412497629985,8716,2024,5
soil_humidity,144,24.0,0.712727325588086,8712,2024,5
env_temperature,1,0.16666666666666666,0.99672603865984,9177,2024,3
env_temperature,2,0.3333333333333333,0.9900281912165083,9167,2024,3
env_temperature,3,0.5,0.9811203011236738,9164,2024,3
env_temperature,4,0.6666666666666666,0.9704592803263218,9161,2024,3
env_temperature,5,0.8333333333333334,0.9579760991899667,9158,2024,3
env_temperature,6,1.0,0.9439954496724746,9151,2024,3
env_temperature,7,1.1666666666666667,0.928636204796496,9150,2024,3
env_temperature,8,1.3333333333333333,0.9120354486669459,9147,2024,3
env_temperature,9,1.5,0.8940865793494506,9142,2024,3
env_temperature,10,1.6666666666666667,0.8748646911698238,9137,2024,3
env_temperature,11,1.8333333333333333,0.8545247646531313,9133,2024,3
env_temperature,12,2.0,0.8333726994511456,9130,2024,3
env_temperature,13,2.1666666666666665,0.8116938065768052,9126,2024,3
env_temperature,14,2.3333333333333335,0.7890610396625762,9122,2024,3
env_temperature,15,2.5,0.7658840861096782,9119,2024,3
env_temperature,16,2.6666666666666665,0.7424320710909659,9116,2024,3
env_temperature,17,2.8333333333333335,0.7182656686018309,9109,2024,3
env_temperature,18,3.0,0.6937603451813884,9105,2024,3
env_temperature,19,3.1666666666666665,0.6690416857418829,9101,2024,3
env_temperature,20,3.3333333333333335,0.6440128055813266,9100,2024,3
env_temperature,21,3.5,0.6187511367251156,9097,2024,3
env_temperature,22,3.6666666666666665,0.592740508977468,9093,2024,3
env_temperature,23,3.8333333333333335,0.5664131453041584,9088,2024,3
env_temperature,24,4.0,0.5396413608494482,9083,2024,3
env_temperature,25,4.166666666666667,0.512680341126197,9078,2024,3
env_temperature,26,4.333333333333333,0.48549963436871374,9075,2024,3
env_temperature,27,4.5,0.45835992513304086,9071,2024,3
env_temperature,28,4.666666666666667,0.4310527488127948,9071,2024,3
env_temperature,29,4.833333333333333,0.4038786444253515,9066,2024,3
env_temperature,30,5.0,0.3762861789805235,9061,2024,3
env_temperature,31,5.166666666666667,0.34880680586113566,9057,2024,3
env_temperature,32,5.333333333333333,0.3211775159010683,9052,2024,3
env_temperature,33,5.5,0.2932430400955991,9047,2024,3
env_temperature,34,5.666666666666667,0.26471020485885655,9046,2024,3
env_temperature,35,5.833333333333333,0.2371550148469505,9041,2024,3
env_temperature,36,6.0,0.20900926440542295,9038,2024,3
env_temperature,37,6.166666666666667,0.18094723191415207,9034,2024,3
env_temperature,38,6.333333333333333,0.15281309694586614,9027,2024,3
env_temperature,39,6.5,0.12481899788637561,9025,2024,3
env_temperature,40,6.666666666666667,0.0969387497262648,9020,2024,3
env_temperature,41,6.833333333333333,0.06938387536659736,9017,2024,3
env_temperature,42,7.0,0.04143806428018787,9014,2024,3
env_temperature,43,7.166666666666667,0.014459982149364083,9009,2024,3
env_temperature,44,7.333333333333333,-0.012527840654331506,9006,2024,3
env_temperature,45,7.5,-0.039463444191604635,9004,2024,3
env_temperature,46,7.666666666666667,-0.06585018544918159,9001,2024,3
env_temperature,47,7.833333333333333,-0.0919476899318342,8997,2024,3
env_temperature,48,8.0,-0.1180526721105014,8994,2024,3
env_temperature,49,8.166666666666666,-0.14337328285607312,8989,2024,3
env_temperature,50,8.333333333333334,-0.16703817438431878,9036,2024,3
env_temperature,51,8.5,-0.19297160758531937,9008,2024,3
env_temperature,52,8.666666666666666,-0.21695486160050106,8980,2024,3
env_temperature,53,8.833333333333334,-0.24019941105974288,8979,2024,3
env_temperature,54,9.0,-0.26306876691827674,8976,2024,3
env_temperature,55,9.166666666666666,-0.2852134382858406,8976,2024,3
env_temperature,56,9.333333333333334,-0.30645242399830713,8971,2024,3
env_temperature,57,9.5,-0.3272812367449123,8967,2024,3
env_temperature,58,9.666666666666666,-0.34697332805134756,8963,2024,3
env_temperature,59,9.833333333333334,-0.3660479475478083,8963,2024,3
env_temperature,60,10.0,-0.384102167775301,8958,2024,3
env_temperature,61,10.166666666666666,-0.4012160154206695,8954,2024,3
env_temperature,62,10.333333333333334,-0.41664427194888937,8952,2024,3
env_temperature,63,10.5,-0.431499052117068,8948,2024,3
env_temperature,64,10.666666666666666,-0.44461630545387,8946,2024,3
env_temperature,65,10.833333333333334,-0.4565093895155853,8943,2024,3
env_temperature,66,11.0,-0.466894331006599,8940,2024,3
env_temperature,67,11.166666666666666,-0.4760571067933745,8937,2024,3
env_temperature,68,11.333333333333334,-0.4834904827184744,8934,2024,3
env_temperature,69,11.5,-0.489340309855446,8932,2024,3
env_temperature,70,11.666666666666666,-0.4935521828616194,8932,2024,3
env_temperature,71,11.833333333333334,-0.4958827563654353,8927,2024,3
env_temperature,72,12.0,-0.49714128892202525,8925,2024,3
env_temperature,73,12.166666666666666,-0.49669839750386996,8921,2024,3
env_temperature,74,12.333333333333334,-0.4948939785550278,8917,2024,3
env_temperature,75,12.5,-0.4912484888159093,8917,2024,3
env_temperature,76,12.666666666666666,-0.48575558580273875,8914,2024,3
env_temperature,77,12.833333333333334,-0.47834141929393004,8909,2024,3
env_temperature,78,13.0,-0.46935211101708496,8908,2024,3
env_temperature,79,13.166666666666666,-0.4590814653774311,8909,2024,3
env_temperature,80,13.333333333333334,-0.4476711866053196,8903,2024,3
env_temperature,81,13.5,-0.4351297329353891,8901,2024,3
env_temperature,82,13.666666666666666,-0.4211026522314827,8896,2024,3
env_temperature,83,13.833333333333334,-0.4058317367737021,8895,2024,3
env_temperature,84,14.0,-0.3894398415230362,8893,2024,3
env_temperature,85,14.166666666666666,-0.3715169333607771,8892,2024,3
env_temperature,86,14.333333333333334,-0.35345044757644584,8888,2024,3
env_temperature,87,14.5,-0.33424598829147373,8886,2024,3
env_temperature,88,14.666666666666666,-0.31489294825033776,8883,2024,3
env_temperature,89,14.833333333333334,-0.2939840898584529,8883,2024,3
env_temperature,90,15.0,-0.2729118513339125,8875,2024,3
env_temperature,91,15.166666666666666,-0.25090204125286514,8875,2024,3
env_temperature,92,15.333333333333334,-0.2282872240648056,8871,2024,3
env_temperature,93,15.5,-0.20525408000223658,8868,2024,3
env_temperature,94,15.666666666666666,-0.18199734433344775,8865,2024,3
env_temperature,95,15.833333333333334,-0.15808560933895463,8863,2024,3
env_temperature,96,16.0,-0.13390181934108492,8861,2024,3
env_temperature,97,16.166666666666668,-0.10946123632565458,8856,2024,3
env_temperature,98,16.333333333333332,-0.084491686378571,8855,2024,3
env_temperature,99,16.5,-0.05888869089020705,8849,2024,3
env_temperature,100,16.666666666666668,-0.03366680031772669,8875,2024,3
env_temperature,101,16.833333333333332,-0.0051205205076519985,8886,2024,3
env_temperature,102,17.0,0.01926041934837263,8841,2024,3
env_temperature,103,17.166666666666668,0.04539724286532605,8839,2024,3
env_temperature,104,17.333333333333332,0.0718029438879439,8836,2024,3
env_temperature,105,17.5,0.09872064186796206,8833,2024,3
env_temperature,106,17.666666666666668,0.1254883928324016,8831,2024,3
env_temperature,107,17.833333333333332,0.1524242323788468,8827,2024,3
env_temperature,108,18.0,0.17948509734420667,8827,2024,3
env_temperature,109,18.166666666666668,0.2059658981326489,8822,2024,3
env_temperature,110,18.333333333333332,0.23286687236835252,8822,2024,3
env_temperature,111,18.5,0.2589136212598573,8815,2024,3
env_temperature,112,18.666666666666668,0.28504207606816334,8812,2024,3
env_temperature,113,18.833333333333332,0.3114705857223979,8808,2024,3
env_temperature,114,19.0,0.33739217845901803,8809,2024,3
env_temperature,115,19.166666666666668,0.3633840586240861,8804,2024,3
env_temperature,116,19.333333333333332,0.38918191793749096,8801,2024,3
env_temperature,117,19.5,0.41429219610605905,8798,2024,3
env_temperature,118,19.666666666666668,0.4400654736814102,8794,2024,3
env_temperature,119,19.833333333333332,0.46470224043310965,8790,2024,3
env_temperature,120,20.0,0.48911707291596274,8788,2024,3
env_temperature,121,20.166666666666668,0.5132976515269885,8788,2024,3
env_temperature,122,20.333333333333332,0.5372935860344493,8786,2024,3
env_temperature,123,20.5,0.5607402360997976,8782,2024,3
env_temperature,124,20.666666666666668,0.5842474106603952,8776,2024,3
env_temperature,125,20.833333333333332,0.6069631082019697,8774,2024,3
env_temperature,126,21.0,0.6291198116810646,8770,2024,3
env_temperature,127,21.166666666666668,0.65069884822894,8768,2024,3
env_temperature,128,21.333333333333332,0.6715206008389895,8767,2024,3
env_temperature,129,21.5,0.6915375005648247,8768,2024,3
env_temperature,130,21.666666666666668,0.7112920009241105,8765,2024,3
env_temperature,131,21.833333333333332,0.7301171269068609,8759,2024,3
env_temperature,132,22.0,0.7481275794279967,8752,2024,3
env_temperature,133,22.166666666666668,0.7649385766933797,8749,2024,3
env_temperature,134,22.333333333333332,0.7809899740617353,8747,2024,3
env_temperature,135,22.5,0.7960612942879994,8747,2024,3
env_temperature,136,22.666666666666668,0.8098825443285943,8744,2024,3
env_temperature,137,22.833333333333332,0.8221954834592791,8741,2024,3
env_temperature,138,23.0,0.832934813727497,8735,2024,3
env_temperature,139,23.166666666666668,0.8423469978417876,8733,2024,3
env_temperature,140,23.333333333333332,0.8499150336150729,8729,2024,3
env_temperature,141,23.5,0.855894451993274,8727,2024,3
env_temperature,142,23.666666666666668,0.860080345248916,8724,2024,3
env_temperature,143,23.833333333333332,0.8625484887337143,8720,2024,3
env_temperature,144,24.0,0.8629934670639877,8716,2024,3
soil_humidity,1,0.16666666666666666,0.9937007757669563,9166,2024,3
soil_humidity,2,0.3333333333333333,0.9864528056628723,9155,2024,3
soil_humidity,3,0.5,0.9786851030172395,9152,2024,3
soil_humidity,4,0.6666666666666666,0.9716611126380672,9151,2024,3
soil_humidity,5,0.8333333333333334,0.9648401784419132,9147,2024,3
soil_humidity,6,1.0,0.9586160623919545,9139,2024,3
soil_humidity,7,1.1666666666666667,0.9534675245728113,9138,2024,3
soil_humidity,8,1.3333333333333333,0.9483638357823059,9135,2024,3
soil_humidity,9,1.5,0.9444353243205041,9130,2024,3
soil_humidity,10,1.6666666666666667,0.9406566665927861,9126,2024,3
soil_humidity,11,1.8333333333333333,0.9370532335987221,9121,2024,3
soil_humidity,12,2.0,0.9338714765487447,9118,2024,3
soil_humidity,13,2.1666666666666665,0.930989214351604,9115,2024,3
soil_humidity,14,2.3333333333333335,0.9274868720081962,9111,2024,3
soil_humidity,15,2.5,0.9247066935562077,9108,2024,3
soil_humidity,16,2.6666666666666665,0.9222752587665056,9104,2024,3
soil_humidity,17,2.8333333333333335,0.9199481739774046,9097,2024,3
soil_humidity,18,3.0,0.9176351938750194,9094,2024,3
soil_humidity,19,3.1666666666666665,0.9156069681891585,9090,2024,3
soil_humidity,20,3.3333333333333335,0.9135726043037574,9088,2024,3
soil_humidity,21,3.5,0.9118911260744372,9085,2024,3
soil_humidity,22,3.6666666666666665,0.910334581032849,9081,2024,3
soil_humidity,23,3.8333333333333335,0.9087942883160427,9076,2024,3
soil_humidity,24,4.0,0.9075778299824229,9071,2024,3
soil_humidity,25,4.166666666666667,0.906723807939153,9066,2024,3
soil_humidity,26,4.333333333333333,0.9059090616328428,9063,2024,3
soil_humidity,27,4.5,0.9051940063231945,9059,2024,3
soil_humidity,28,4.666666666666667,0.9047315197612582,9059,2024,3
soil_humidity,29,4.833333333333333,0.9036798927788456,9054,2024,3
soil_humidity,30,5.0,0.9030031887954616,9049,2024,3
soil_humidity,31,5.166666666666667,0.9022842514758063,9045,2024,3
soil_humidity,32,5.333333333333333,0.9016731698910647,9040,2024,3
soil_humidity,33,5.5,0.9013746418458671,9035,2024,3
soil_humidity,34,5.666666666666667,0.9008587614129339,9034,2024,3
soil_humidity,35,5.833333333333333,0.9003060673506204,9029,2024,3
soil_humidity,36,6.0,0.898913824311405,9026,2024,3
soil_humidity,37,6.166666666666667,0.8972936668505185,9022,2024,3
soil_humidity,38,6.333333333333333,0.8954293170020605,9015,2024,3
soil_humidity,39,6.5,0.8939334236099461,9013,2024,3
soil_humidity,40,6.666666666666667,0.8924915040679158,9008,2024,3
soil_humidity,41,6.833333333333333,0.8912433057016368,9006,2024,3
soil_humidity,42,7.0,0.8903309421770953,9002,2024,3
soil_humidity,43,7.166666666666667,0.8889847620048301,8997,2024,3
soil_humidity,44,7.333333333333333,0.887673607300264,8994,2024,3
soil_humidity,45,7.5,0.8864142616574306,8992,2024,3
soil_humidity,46,7.666666666666667,0.884989854135731,8989,2024,3
soil_humidity,47,7.833333333333333,0.8835022621321272,8985,2024,3
soil_humidity,48,8.0,0.8822573136431446,8982,2024,3
soil_humidity,49,8.166666666666666,0.8807679868054485,8977,2024,3
soil_humidity,50,8.333333333333334,0.8796323189146017,9024,2024,3
soil_humidity,51,8.5,0.8783051275631077,8996,2024,3
soil_humidity,52,8.666666666666666,0.8763889221845836,8968,2024,3
soil_humidity,53,8.833333333333334,0.8748773654138311,8967,2024,3
soil_humidity,54,9.0,0.8735120581905309,8964,2024,3
soil_humidity,55,9.166666666666666,0.8722572577744787,8964,2024,3
soil_humidity,56,9.333333333333334,0.8711099678383338,8959,2024,3
soil_humidity,57,9.5,0.8701421680192004,8955,2024,3
soil_humidity,58,9.666666666666666,0.8694102329894505,8951,2024,3
soil_humidity,59,9.833333333333334,0.8683954690136986,8951,2024,3
soil_humidity,60,10.0,0.8679560741292739,8946,2024,3
soil_humidity,61,10.166666666666666,0.8670905476424887,8942,2024,3
soil_humidity,62,10.333333333333334,0.8663530451859878,8940,2024,3
soil_humidity,63,10.5,0.8653098939213582,8936,2024,3
soil_humidity,64,10.666666666666666,0.8643424553847587,8934,2024,3
soil_humidity,65,10.833333333333334,0.8634528076968845,8931,2024,3
soil_humidity,66,11.0,0.8623692942435983,8928,2024,3
soil_humidity,67,11.166666666666666,0.8612832610597458,8925,2024,3
soil_humidity,68,11.333333333333334,0.8602445017668063,8922,2024,3
soil_humidity,69,11.5,0.8590824184701238,8920,2024,3
soil_humidity,70,11.666666666666666,0.8576825073974703,8920,2024,3
soil_humidity,71,11.833333333333334,0.8563120177498378,8915,2024,3
soil_humidity,72,12.0,0.8550279150899555,8914,2024,3
soil_humidity,73,12.166666666666666,0.8539205007492672,8910,2024,3
soil_humidity,74,12.333333333333334,0.8527433362365847,8905,2024,3
soil_humidity,75,12.5,0.8517181725238537,8905,2024,3
soil_humidity,76,12.666666666666666,0.8508550095354843,8903,2024,3
soil_humidity,77,12.833333333333334,0.849666473517342,8897,2024,3
soil_humidity,78,13.0,0.8486012657712451,8896,2024,3
soil_humidity,79,13.166666666666666,0.8479116327099326,8897,2024,3
soil_humidity,80,13.333333333333334,0.8470203350259152,8891,2024,3
soil_humidity,81,13.5,0.8461290513334757,8889,2024,3
soil_humidity,82,13.666666666666666,0.8451648797193967,8884,2024,3
soil_humidity,83,13.833333333333334,0.8442422917022376,8884,2024,3
soil_humidity,84,14.0,0.8434945004644384,8881,2024,3
soil_humidity,85,14.166666666666666,0.8428911708864009,8881,2024,3
soil_humidity,86,14.333333333333334,0.8420608872826206,8877,2024,3
soil_humidity,87,14.5,0.8411500986827108,8875,2024,3
soil_humidity,88,14.666666666666666,0.8404726885597114,8872,2024,3
soil_humidity,89,14.833333333333334,0.8400386224000174,8872,2024,3
soil_humidity,90,15.0,0.83949903346516,8864,2024,3
soil_humidity,91,15.166666666666666,0.8390403531565744,8864,2024,3
soil_humidity,92,15.333333333333334,0.8387885760241541,8861,2024,3
soil_humidity,93,15.5,0.8384017854380262,8857,2024,3
soil_humidity,94,15.666666666666666,0.8378760734529469,8854,2024,3
soil_humidity,95,15.833333333333334,0.8376949223887564,8852,2024,3
soil_humidity,96,16.0,0.8376116969063576,8850,2024,3
soil_humidity,97,16.166666666666668,0.8374344546340566,8845,2024,3
soil_humidity,98,16.333333333333332,0.8373333038245858,8844,2024,3
soil_humidity,99,16.5,0.8374089200111926,8838,2024,3
soil_humidity,100,16.666666666666668,0.8372279059025306,8864,2024,3
soil_humidity,101,16.833333333333332,0.8367117865693742,8876,2024,3
soil_humidity,102,17.0,0.8363788905744953,8830,2024,3
soil_humidity,103,17.166666666666668,0.8362416369226081,8828,2024,3
soil_humidity,104,17.333333333333332,0.8362018925774962,8825,2024,3
soil_humidity,105,17.5,0.8358019143690233,8822,2024,3
soil_humidity,106,17.666666666666668,0.8353241969022416,8820,2024,3
soil_humidity,107,17.833333333333332,0.8347963475262541,8816,2024,3
soil_humidity,108,18.0,0.8345024553865287,8816,2024,3
soil_humidity,109,18.166666666666668,0.8344240242992423,8811,2024,3
soil_humidity,110,18.333333333333332,0.8343932696635173,8811,2024,3
soil_humidity,111,18.5,0.8343227772298428,8804,2024,3
soil_humidity,112,18.666666666666668,0.8343422371749872,8801,2024,3
soil_humidity,113,18.833333333333332,0.8342513773048214,8797,2024,3
soil_humidity,114,19.0,0.8339703256162736,8798,2024,3
soil_humidity,115,19.166666666666668,0.8337595698002843,8793,2024,3
soil_humidity,116,19.333333333333332,0.8330912887824942,8790,2024,3
soil_humidity,117,19.5,0.8325345631375991,8787,2024,3
soil_humidity,118,19.666666666666668,0.8320189983625451,8783,2024,3
soil_humidity,119,19.833333333333332,0.8314504115154532,8779,2024,3
soil_humidity,120,20.0,0.8313162960795337,8777,2024,3
soil_humidity,121,20.166666666666668,0.831316143063567,8777,2024,3
soil_humidity,122,20.333333333333332,0.8318116198490644,8775,2024,3
soil_humidity,123,20.5,0.8329946600266337,8771,2024,3
soil_humidity,124,20.666666666666668,0.8327994140561754,8766,2024,3
soil_humidity,125,20.833333333333332,0.833413871030897,8763,2024,3
soil_humidity,126,21.0,0.8334069762096339,8760,2024,3
soil_humidity,127,21.166666666666668,0.8331299277853843,8757,2024,3
soil_humidity,128,21.333333333333332,0.832743676482951,8756,2024,3
soil_humidity,129,21.5,0.8325251203336412,8757,2024,3
soil_humidity,130,21.666666666666668,0.8328710641724226,8753,2024,3
soil_humidity,131,21.833333333333332,0.8331878843179766,8747,2024,3
soil_humidity,132,22.0,0.8336802419480164,8740,2024,3
soil_humidity,133,22.166666666666668,0.8339464096234024,8737,2024,3
soil_humidity,134,22.333333333333332,0.8345327856125937,8735,2024,3
soil_humidity,135,22.5,0.8347689143847301,8735,2024,3
soil_humidity,136,22.666666666666668,0.8349492936950765,8732,2024,3
soil_humidity,137,22.833333333333332,0.835037890358527,8729,2024,3
soil_humidity,138,23.0,0.8350179490059201,8723,2024,3
soil_humidity,139,23.166666666666668,0.8353882076935742,8721,2024,3
soil_humidity,140,23.333333333333332,0.8353365178515311,8717,2024,3
soil_humidity,141,23.5,0.8350909722923583,8715,2024,3
soil_humidity,142,23.666666666666668,0.8347722118276274,8713,2024,3
soil_humidity,143,23.833333333333332,0.8340315365577827,8708,2024,3
soil_humidity,144,24.0,0.8334570507625275,8704,2024,3
